IesCd;IesNome;IesSigla;IesSiglaAgrupada;NaturezaJuridica;NaturezaJuridicaMEC;Comunitária;Filantrópica;Confessional;MunicipioCdCompleto
11001011;UNIVERSIDADE FEDERAL DO ACRE;UFAC;UFAC;Pública Federal;Pública Federal;;;;1200401
26001012;UNIVERSIDADE FEDERAL DE ALAGOAS;UFAL;UFAL;Pública Federal;Pública Federal;;;;2700300
32032013;CENTRO DE ENSINO SUPERIOR DE JUIZ DE FORA;CES/JF;CES/JF;Particular;Privada sem fins lucrativos;;;;3136702
27011003;CENTRO UNIVERSITÁRIO TIRADENTES;UNIT/Alagoas;UNIT/Alagoas;Particular;Privada com fins lucrativos;;;;2704302
26005018;UNIVERSIDADE ESTADUAL DE ALAGOAS;UNEAL;UNEAL;Pública Estadual;Pública Estadual;;;;2700300
12001015;Universidade Federal do Amazonas;UFAM;UFAM;Pública Federal;Pública Federal;;;;1301902
25019015;CENTRO DE ESTUDOS E SISTEMAS AVANÇADOS DO RECIFE;CESAR;CESAR;Particular;Privada sem fins lucrativos;;;;2611606
12002011;INSTITUTO NACIONAL DE PESQUISAS DA AMAZÔNIA;INPA;INPA;Pública Federal;Pública Federal;;;;1302603
12008010;UNIVERSIDADE DO ESTADO DO AMAZONAS;UEA;UEA;Pública Estadual;Pública Estadual;;;;1302603
12003018;INSTITUTO FEDERAL DE EDUC., CIÊNCIA E TECNOLOGIA DO AMAZONAS;IFAM;IFAM;Pública Federal;Pública Federal;;;;1302603
13009001;Centro de Pesquisa Leônidas e Maria Deane/FIOCRUZ;CPqLMD/FIOCRUZ;FIOCRUZ;Pública Federal;Pública Federal;;;;1302603
13012002;CESAR CENTRO DE ESTUDOS E SISTEMAS AVANCADOS DO RECIFE;CESAR-AM;CESAR-AM;Particular;Privada sem fins lucrativos;;;;1302603
14001012;UNIVERSIDADE FEDERAL DO AMAPÁ;UNIFAP;UNIFAP;Pública Federal;Pública Federal;;;;1600303
28006011;UNIVERSIDADE ESTADUAL DO SUDOESTE DA BAHIA;UESB;UESB;Pública Estadual;Pública Estadual;;;;2916401
28001010;UNIVERSIDADE FEDERAL DA BAHIA;UFBA;UFBA;Pública Federal;Pública Federal;;;;2927408
28005015;UNIVERSIDADE DO ESTADO DA BAHIA;UNEB;UNEB;Pública Estadual;Pública Estadual;;;;2900702
28013018;UNIVERSIDADE SALVADOR;UNIFACS;UNIFACS;Particular;Privada com fins lucrativos;;;;2927408
29002001;INSTITUTO FEDERAL DE EDUCAÇÃO, CIÊNCIA E TECNOLOGIA BAIANO;IFBAIANO;IFBAIANO;Pública Federal;Pública Federal;;;;2927408
31066011;FUNDAÇÃO CESGRANRIO;CESGRANRIO;CESGRANRIO;Particular;Privada sem fins lucrativos;;SIM;;3304557
28010019;INSTITUTO FEDERAL DE EDUCAÇÃO, CIÊNCIA E TECNOLOGIA DA BAHIA;IFBA;IFBA;Pública Federal;Pública Federal;;;;2927408
26006014;CENTRO DE ESTUDOS SUPERIORES DE MACEIÓ;CESMAC;CESMAC;Particular;Privada sem fins lucrativos;;;;2704302
28024010;FACULDADE DE TECNOLOGIA E CIÊNCIAS;FTC;FTC;Particular;Privada com fins lucrativos;;;;2927408
15013014;CENTRO UNIVERSITÁRIO DO ESTADO DO PARÁ;CESUPA;CESUPA;Particular;Privada sem fins lucrativos;;;;1501402
28025016;CENTRO DE PESQUISA GONÇALO MONIZ - FIOCRUZ;CPqGM;FIOCRUZ;Pública Federal;Pública Federal;;;;2927408
25020013;UNIVERSIDADE FEDERAL DO VALE DO SÃO FRANCISCO;UNIVASF;UNIVASF;Pública Federal;Pública Federal;;;;2611101
28007018;UNIVERSIDADE ESTADUAL DE SANTA CRUZ;UESC;UESC;Pública Estadual;Pública Estadual;;;;2913606
29010004;Faculdade Guanambi;FG;FG;Particular;Privada com fins lucrativos;;;;2911709
28048016;FACULDADE MARIA MILZA;FAMAM;FAMAM;Particular;Privada com fins lucrativos;;;;2911600
28002016;UNIVERSIDADE ESTADUAL DE FEIRA DE SANTANA;UEFS;UEFS;Pública Estadual;Pública Estadual;;;;2910800
28022017;UNIVERSIDADE FEDERAL DO RECÔNCAVO DA BAHIA;UFRB;UFRB;Pública Federal;Pública Federal;;;;2901007
28049012;UNIVERSIDADE FEDERAL DO OESTE DA BAHIA;UFOB;UFOB;Pública Federal;Pública Federal;;;;2903201
33069018;CENTRO UNIVERSITÁRIO DO INSTITUTO MAUÁ DE TECNOLOGIA;CEUN-IMT;CEUN-IMT;Particular;Privada sem fins lucrativos;;;;3548807
22001018;UNIVERSIDADE FEDERAL DO CEARÁ;UFC;UFC;Pública Federal;Pública Federal;;;;2304400
22004017;UNIVERSIDADE ESTADUAL VALE DO ACARAÚ;UVA-CE;UVA-CE;Pública Estadual;Pública Estadual;;;;2312908
22011013;UNIVERSIDADE DA INTEGRAÇÃO INTERNACIONAL DA LUSOFONIA AFRO-BRASILEIRA;UNILAB;UNILAB;Pública Federal;Pública Federal;;;;2311603
22008012;INSTITUTO FEDERAL DE EDUCAÇÃO, CIÊNCIA E TECNOLOGIA DO CEARÁ;IFCE;IFCE;Pública Federal;Pública Federal;;;;2304400
22003010;UNIVERSIDADE ESTADUAL DO CEARÁ;UECE;UECE;Pública Estadual;Pública Estadual;;;;2304400
22033017;UNIVERSIDADE FEDERAL DO CARIRI;UFCA;UFCA;Pública Federal;Pública Federal;;;;2307304
28023013;FACULDADE DE TECNOLOGIA SENAI CIMATEC;CIMATEC;CIMATEC;Particular;Privada sem fins lucrativos;;;;2927408
22012010;CENTRO UNIVERSITÁRIO 7 DE SETEMBRO;UNI7;UNI8;Particular;Privada com fins lucrativos;;;;2304400
23009004;CENTRO UNIVERSITÁRIO CHRISTUS;UNICHRISTUS;UNICHRISTUS;Particular;Privada com fins lucrativos;;;;2304400
22005013;UNIVERSIDADE REGIONAL DO CARIRI;URCA;URCA;Pública Estadual;Pública Estadual;;;;2304202
53001010;UNIVERSIDADE DE BRASÍLIA;UNB;UNB;Pública Federal;Pública Federal;;;;5300108
53019016;INSTITUTO BRASILIENSE DE DIREITO PÚBLICO;IDP;IDP;Particular;Privada com fins lucrativos;;;;5300108
53045009;ASSOCIAÇÃO NACIONAL DOS DIRIGENTES DAS INSTITUIÇÕES FEDERAIS DE ENSINO SUPERIOR;ANDIFES;ANDIFES;Pública Federal;Pública Federal;;;;5300108
33053014;CENTRO UNIVERSITÁRIO MOURA LACERDA;CUML;CUML;Particular;Privada sem fins lucrativos;;;;3543402
33028010;CENTRO UNIVERSITÁRIO SÃO CAMILO;CUSC;CUSC;Particular;Privada sem fins lucrativos;;;;3550308
53037014;CENTRO DE FORMAÇÃO, TREINAMENTO E APERFEIÇOAMENTO;CEFOR;CEFOR;Pública Federal;Pública Federal;;;;5300108
33138010;ESCOLA DE ADMINISTRAÇÃO DE EMPRESAS DE SÃO PAULO;EAESP/FGV;FGV/SP;Particular;Privada sem fins lucrativos;;;;3550308
53032012;CENTRO UNIVERSITÁRIO DO DISTRITO FEDERAL;UDF;UDF;Particular;Privada com fins lucrativos;;;;5300108
53012011;INSTITUTO DE PESQUISA ECONÔMICA APLICADA;IPEA;IPEA;Pública Federal;Pública Federal;;;;5300108
53022017;FUNDAÇÃO DE ENSINO E PESQUISA EM CIÊNCIAS DA SAÚDE;FEPECS;FEPECS;Pública Estadual;Pública Estadual;;;;5300108
53044002;Escola de Governo em Saúde/Diretoria Regional de Brasília Fiocruz;EGS/FIOCRUZ Brasília;FIOCRUZ;Pública Federal;Pública Federal;;;;5300108
30001013;UNIVERSIDADE FEDERAL DO ESPÍRITO SANTO;UFES;UFES;Pública Federal;Pública Federal;;;;3200201
28008014;ESCOLA BAHIANA DE MEDICINA E SAÚDE PÚBLICA;EBMSP;EBMSP;Particular;Privada sem fins lucrativos;;;;2927408
30014018;FACULDADE UNIDA DE VITÓRIA;FUV;FUV;Particular;Privada com fins lucrativos;;;;3205309
30010012;FACULDADE DE DIREITO DE VITORIA;FDV;FDV;Particular;Privada com fins lucrativos;;;;3205309
30004012;Instituto Federal de Educação, Ciência e Tecnologia do Espírito Santo;IFES;IFES;Pública Federal;Pública Federal;;;;3200201
33128014;ESCOLA DE ECONOMIA DE SÃO PAULO DA FUNDAÇÃO GETÚLIO VARGAS;EESP/FGV;FGV/SP;Particular;Privada sem fins lucrativos;;;;3550308
30013011;ESCOLA SUPER. DE CIÊNC DA ST CASA DE MISERICORDIA DE VITORIA;EMESCAM;EMESCAM;Particular;Privada sem fins lucrativos;;;;3205309
32083017;ESCOLA SUPERIOR DOM HELDER CÂMARA;ESDHC;ESDHC;Particular;Privada sem fins lucrativos;;;;3106200
52010015;INSTITUTO FEDERAL DE EDUCAÇÃO, CIÊNCIA E TECNOLOGIA GOIANO;IFGoiano;IFGoiano;Pública Federal;Pública Federal;;;;5205406
52012018;UNIVERSIDADE ESTADUAL DE GOIÁS;UEG;UEG;Pública Estadual;Pública Estadual;;;;5201108
52004015;UNIVERSIDADE DE RIO VERDE;FESURV;FESURV;Pública Municipal;Pública Municipal;;;;5218805
52001016;UNIVERSIDADE FEDERAL DE GOIÁS;UFG;UFG;Pública Federal;Pública Federal;;;;5205109
52005011;INSTIT. FEDERAL DE EDUCACÃO, CIÊNCIA  E TECNOLOGIA DE GOIÁS;IFG;IFG;Pública Federal;Pública Federal;;;;5208707
52016013;CENTRO UNIVERSITÁRIO ALVES FARIA;UNIALFA;UNIALFA;Particular;Privada com fins lucrativos;;;;5208707
33300003;ESCOLA SUPERIOR DE PROPAGANDA E MARKETING DO RIO DE JANEIRO;ESPM;ESPM;Particular;Privada sem fins lucrativos;;;;3304557
33139016;ESCOLA SUPERIOR DE PROPAGANDA E MARKETING;ESPM;ESPM;Particular;Privada sem fins lucrativos;;;;3550308
20001010;UNIVERSIDADE FEDERAL DO MARANHÃO;UFMA;UFMA;Pública Federal;Pública Federal;;;;2103208
20002017;UNIVERSIDADE ESTADUAL DO MARANHÃO;UEMA;UEMA;Pública Estadual;Pública Estadual;;;;2103000
42016010;ESCOLA SUPERIOR DE TEOLOGIA;EST;EST;Particular;Privada sem fins lucrativos;SIM;;;4318705
20003013;INSTIT.FEDERAL DE EDUCAÇÃO, CIÊNCIA E TECN.DO MARANHÃO/MC;IFMA/MC;IFMA/MC;Pública Federal;Pública Federal;;;;2111300
32002017;UNIVERSIDADE FEDERAL DE VIÇOSA;UFV;UFV;Pública Federal;Pública Federal;;;;3126000
32011016;UNIVERSIDADE FEDERAL DE ALFENAS;UNIFAL;UNIFAL;Pública Federal;Pública Federal;;;;3101607
32006012;UNIVERSIDADE FEDERAL DE UBERLÂNDIA;UFU;UFU;Pública Federal;Pública Federal;;;;3134202
42057019;FACULDADES INTEGRADAS DE TAQUARA;FACCAT;FACCAT;Particular;Privada sem fins lucrativos;SIM;;;4321204
32048017;INSTITUTO FED. DE EDUC., CIÊNC. E TECN. DO TRIÂNGULO MINEIRO;IFTM;IFTM;Pública Federal;Pública Federal;;;;3170107
32012012;Universidade Federal do Triângulo Mineiro;UFTM;UFTM;Pública Federal;Pública Federal;;;;3170107
33254010;FACULDADE ESCOLA PAULISTA DE DIREITO;FACEPD;FACEPD;Particular;Privada sem fins lucrativos;;;;3550308
32010010;UNIVERSIDADE FEDERAL DOS VALES DO JEQUITINHONHA E MUCURI;UFVJM;UFVJM;Pública Federal;Pública Federal;;;;3121605
32018010;Universidade Federal de São João del-Rei;UFSJ;UFSJ;Pública Federal;Pública Federal;;;;3122306
26017008;FACULDADE DAMAS DA INSTRUÇÃO CRISTÃ;FADIC;FADIC;Particular;Privada sem fins lucrativos;;;;2611606
32029012;FACULDADE JESUÍTA DE FILOSOFIA E TEOLOGIA;FAJE;FAJE;Particular;Privada sem fins lucrativos;;;;3106200
32044011;INSTITUTO FEDERAL DE EDUCACAO, CIENCIA E TECNOLOGIA DO SUDESTE DE MINAS GERAIS;IFSUDESTEMG;IFSUDESTEMG;Pública Federal;Pública Federal;;;;3155801
32082010;INSTITUTO FED. DE EDUC. CIÊNC. E TEC. DO SUL DE MINAS GERAIS;IFSULDEMINAS;IFSULDEMINAS;Pública Federal;Pública Federal;;;;3152501
41024010;FACULDADE SATC;FASATC;FASATC;Particular;Privada sem fins lucrativos;;;;4204608
33018014;FACULDADE CÁSPER LÍBERO;FCL;FCL;Particular;Privada sem fins lucrativos;;;;3550308
32034016;FACULDADE DE CIÊNCIAS MÉDICAS DE MINAS GERAIS;FCMMG;FCMMG;Particular;Privada sem fins lucrativos;;;;3106200
33019010;FACULDADE DE CIÊNCIAS MÉDICAS DA SANTA CASA DE SÃO PAULO;FCMSCSP-TI;FCMSCSP-TI;Particular;Privada sem fins lucrativos;;;;3550308
32007019;UNIVERSIDADE FEDERAL DE OURO PRETO;UFOP;UFOP;Pública Federal;Pública Federal;;;;3140001
31105009;FUNDAÇÃO DOM CABRAL;FDC;FDC;Particular;Privada sem fins lucrativos;;;;3144805
32040016;FACULDADE DE DIREITO MILTON CAMPOS;FDMC;FDMC;Particular;Privada sem fins lucrativos;;;;3144805
32014015;UNIVERSIDADE ESTADUAL DE MONTES CLAROS;UNIMONTES;UNIMONTES;Pública Estadual;Pública Estadual;;;;3135100
32001010;UNIVERSIDADE FEDERAL DE MINAS GERAIS;UFMG;UFMG;Pública Federal;Pública Federal;;;;3106200
32004010;UNIVERSIDADE FEDERAL DE LAVRAS;UFLA;UFLA;Pública Federal;Pública Federal;;;;3138203
32005016;UNIVERSIDADE FEDERAL DE JUIZ DE FORA;UFJF;UFJF;Pública Federal;Pública Federal;;;;3136702
32079010;FACULDADE DE DIREITO DO SUL DE MINAS;FDSM;FDSM;Particular;Privada sem fins lucrativos;;;;3152501
33111014;"FUNDAÇÃO DE ENSINO ""EURÍPIDES SOARES DA ROCHA""";FEESR;FEESR;Particular;Privada sem fins lucrativos;;SIM;SIM;3529005
32003013;UNIVERSIDADE FEDERAL DE ITAJUBÁ;UNIFEI;UNIFEI;Pública Federal;Pública Federal;;;;3132404
42041015;UNIVERSIDADE FEEVALE;FEEVALE;FEEVALE;Particular;Privada sem fins lucrativos;SIM;SIM;;4313409
32081014;INSTITUTO DE ENSINO SUPERIOR E PESQUISA;INESP;INESP;Particular;Privada com fins lucrativos;;;;3122306
33027013;CENTRO UNIVERSITARIO DA FEI;FEI;FEI;Particular;Privada sem fins lucrativos;SIM;SIM;;3548708
32020015;CENTRO FEDERAL DE EDUCAÇÃO TECN. DE MINAS GERAIS;CEFET/MG;CEFET/MG;Pública Federal;Pública Federal;;;;3106200
32037015;CENTRO UNIVERSITARIO UNA;UNA;UNA;Particular;Privada com fins lucrativos;;;;3106200
32049013;FUNDAÇÃO JOÃO PINHEIRO (ESCOLA DE GOVERNO);FJP;FJP;Pública Estadual;Pública Estadual;;;;3106200
40009017;FACULDADE EVANGELICA DO PARANA;FEPAR;FEPAR;Particular;Privada sem fins lucrativos;;;;4106902
32076010;CENTRO UNIVERSITÁRIO UNIHORIZONTES;UNIHORIZONTES;UNIHORIZONTES;Particular;Privada com fins lucrativos;;;;3106200
32025017;UNIVERSIDADE DO ESTADO DE MINAS GERAIS;UEMG;UEMG;Pública Estadual;Pública Estadual;;;;3106200
32045018;INSTITUTO FEDERAL DE EDUCAÇÃO, CIÊNCIA E TECNOLOGIA DE MINAS GERAIS;IFMG;IFMG;Pública Federal;Pública Federal;;;;3106200
31106005;Faculdades Integradas do Sudoeste Mineiro;FESP;FESP;Particular;Privada sem fins lucrativos;;;;3147907
33146012;FACULDADE FIA DE ADMINISTRAÇÃO E NEGÓCIOS;FFIA;FFIA;Particular;Privada sem fins lucrativos;;;;3550308
32069014;CENTRO DE DESENVOLVIMENTO DA TECNOLOGIA NUCLEAR;CDTN;CDTN;Pública Federal;Pública Federal;;;;3106200
31115004;Instituto de Educação Tecnológica;IETEC;IETEC;Particular;Privada com fins lucrativos;;;;3106200
32146019;FACULDADE PROMOVE DE TECNOLOGIA;FPT;FPT;Particular;Privada com fins lucrativos;;;;3106200
33145016;Escola de Direito de São Paulo;FGV Direito SP;FGV/SP;Particular;Privada sem fins lucrativos;;;;3550308
31011012;FUNDAÇÃO GETÚLIO VARGAS/RJ;FGV/RJ;FGV/RJ;Particular;Privada sem fins lucrativos;;;;3304557
32067011;CENTRO DE PESQUISAS RENÉ RACHOU/FIOCRUZ;CPqRR;FIOCRUZ;Pública Federal;Pública Federal;;;;3106200
31010016;FUNDACAO OSWALDO CRUZ;FIOCRUZ;FIOCRUZ;Pública Federal;Pública Federal;;;;3106200
33014019;FUNDAÇÃO GETÚLIO VARGAS/SP;FGV/SP;FGV/SP;Particular;Privada sem fins lucrativos;;;;3550308
51001012;FUNDAÇÃO UNIVERSIDADE FEDERAL DE MATO GROSSO DO SUL;UFMS;UFMS;Pública Federal;Pública Federal;;;;5001102
51004011;UNIVERSIDADE ESTADUAL DE MATO GROSSO DO SUL;UEMS;UEMS;Pública Estadual;Pública Estadual;;;;5002704
51005018;UNIVERSIDADE FEDERAL DA GRANDE DOURADOS;UFGD;UFGD;Pública Federal;Pública Federal;;;;5003702
33113017;Faculdade FIPECAFI;FIPECAFI;FIPECAFI;Particular;Privada sem fins lucrativos;;;;3550308
51003015;UNIVERSIDADE ANHANGUERA;UNIDERP;UNIDERP;Particular;Privada com fins lucrativos;;;;5002704
50002015;UNIVERSIDADE DO ESTADO DE MATO GROSSO;UNEMAT;UNEMAT;Pública Estadual;Pública Estadual;;;;5100250
50001019;UNIVERSIDADE FEDERAL DE MATO GROSSO;UFMT;UFMT;Pública Federal;Pública Federal;;;;5101803
50005014;INSTITUTO FED. DE EDUC., CIÊNC. E TECNOLOGIA DE MATO GROSSO;IFMT;IFMT;Pública Federal;Pública Federal;;;;5103403
50008013;UNIVERSIDADE DE CUIABÁ;UNIC;UNIC;Particular;Privada com fins lucrativos;;;;5103403
51020009;HOSPITAL UNIVERSITÁRIO JÚLIO MÜLLER/EBSERH;HUJM;HUJM;Particular;Pública Federal;;;;5103403
15001016;UNIVERSIDADE FEDERAL DO PARÁ;UFPA;UFPA;Pública Federal;Pública Federal;;;;1500602
15010015;UNIVERSIDADE FEDERAL DO OESTE DO PARÁ;UFOPA;UFOPA;Pública Federal;Pública Federal;;;;1506807
15025012;UNIVERSIDADE FEDERAL DO SUL E SUDESTE DO PARÁ;UNIFESSPA;UNIFESSPA;Pública Federal;Pública Federal;;;;1504208
15008010;INSTITUTO FEDERAL DE EDUCAÇÃO, CIÊNCIA E TECNOLOGIA DO PARÁ;IFPA;IFPA;Pública Federal;Pública Federal;;;;1501402
15004015;UNIVERSIDADE DA AMAZÔNIA;UNAMA;UNAMA;Particular;Privada com fins lucrativos;;;;1501402
15002012;UNIVERSIDADE FEDERAL RURAL DA AMAZÔNIA;UFRA;UFRA;Pública Federal;Pública Federal;;;;1501402
15027007;MUSEU PARAENSE EMÍLIO GOELDI;MPEG;MPEG;Pública Federal;Pública Federal;;;;1501402
33112010;FACULDADE DE MEDICINA DO ABC;FMABC;FMABC;Particular;Privada sem fins lucrativos;;;;3547809
15006018;UNIVERSIDADE DO ESTADO DO PARÁ;UEPA;UEPA;Pública Estadual;Pública Estadual;;;;1501402
43002005;Faculdade de Direito da Fundação Escola Superior do Ministério Público;FMP;FMP;Particular;Privada sem fins lucrativos;;SIM;;4314902
15021017;FUNDAÇAO SANTA CASA DE MISERICÓRDIA DO PARÁ;FSCMPA;FSCMPA;Pública Estadual;Pública Estadual;;;;1501402
15012018;INSTITUTO EVANDRO CHAGAS;IEC;IEC;Pública Federal;Pública Federal;;;;1500800
24001040;UNIVERSIDADE FEDERAL DA PARAÍBA/RIO TINTO;UFPB/RT;UFPB;Pública Federal;Pública Federal;;;;2512903
24009016;UNIVERSIDADE FEDERAL DE CAMPINA GRANDE;UFCG;UFCG;Pública Federal;Pública Federal;;;;2504009
24001015;UNIVERSIDADE FEDERAL DA PARAÍBA/JOÃO PESSOA;UFPB/J.P.;UFPB;Pública Federal;Pública Federal;;;;2501500
24004014;UNIVERSIDADE ESTADUAL DA PARAIBA;UEPB;UEPB;Pública Estadual;Pública Estadual;;;;2504009
33142017;CENTRO UNIVERSITÁRIO DAS FACULDADES METROPOLITANAS UNIDAS;FMU;FMU;Particular;Privada sem fins lucrativos;;;;3550308
25046004;Faculdade de Enfermagem Nova Esperança;FACENE;FACENE;Particular;Privada com fins lucrativos;;;;2507507
24007013;INSTITUTO FEDERAL DE EDUCAÇÃO, CIÊNCIA E TECN. DA PARAÍBA;IFPB;IFPB;Pública Federal;Pública Federal;;;;2507507
24001031;UNIVERSIDADE FEDERAL DA PARAÍBA/AREIA;UFPB/AREIA;UFPB;Pública Federal;Pública Federal;;;;2501104
25001019;UNIVERSIDADE FEDERAL DE PERNAMBUCO;UFPE;UFPE;Pública Federal;Pública Federal;;;;2604106
25003011;UNIVERSIDADE FEDERAL RURAL DE PERNAMBUCO;UFRPE;UFRPE;Pública Federal;Pública Federal;;;;2606002
25004018;UNIVERSIDADE DE PERNAMBUCO;UPE;UPE;Pública Estadual;Pública Estadual;;;;2603454
25018019;FACULDADE BOA VIAGEM;FBV;FBV;Particular;Privada com fins lucrativos;;;;2611606
32065019;FACULDADE PEDRO LEOPOLDO;FPL;FPL;Particular;Privada sem fins lucrativos;;;;3149309
25009010;INSTITUTO FED. DE EDUC., CIÊNCIA E TECNOLOGIA DE PERNAMBUCO;IFPE;IFPE;Pública Federal;Pública Federal;;;;2611606
40037010;FACULDADES PEQUENO PRÍNCIPE;FPP;FPP;Particular;Privada sem fins lucrativos;;;;4106902
25025015;FACULDADE PERNAMBUCANA DE SAÚDE;FPS;FPS;Particular;Privada sem fins lucrativos;;;;2611606
40070018;FACULDADE TEOLÓGICA BATISTA DO PARANÁ;FTBP;FTBP;Particular;Privada sem fins lucrativos;;;;4106902
42018013;FUNDAÇÃO UNIVERSITÁRIA DE CARDIOLOGIA;FUC;FUC;Particular;Privada sem fins lucrativos;;SIM;;4314902
30007011;FUNDAÇÃO INSTITUTO CAPIXABA DE PESQ.EM CONT.ECON.E FINANÇAS;FUCAPE;FUCAPE;Particular;Privada sem fins lucrativos;;;;3205309
25007017;CENTRO DE PESQUISA AGGEU MAGALHÃES / FIOCRUZ;NESC/CPqAM;FIOCRUZ;Pública Federal;Pública Federal;;;;2611606
25016016;FUNDACAO JOAQUIM NABUCO;FJN;FJN;Pública Federal;Pública Federal;;;;2611606
26013002;FACULDADE DOS GUARARAPES;FG;FG;Particular;Privada com fins lucrativos;;;;2607901
21001014;FUNDAÇÃO UNIVERSIDADE FEDERAL DO PIAUÍ;FUFPI;FUFPI;Pública Federal;Pública Federal;;;;2201903
21005010;SOCIEDADE DE ENSINO SUPERIOR E TECNOLÓGICO DO PIAUI LTDA;UNINOVAFAPI;UNINOVAFAPI;Particular;Privada com fins lucrativos;;;;2211001
21003017;INSTITUTO FEDERAL DE EDUCAÇÃO, CIENCIA E TECNOLOGIA DO PIAUÍ;IFPI;IFPI;Pública Federal;Pública Federal;;;;2211001
21002010;FUNDACAO UNIVERSIDADE ESTADUAL DO PIAUI FUESPI;UESPI;UESPI;Pública Estadual;Pública Estadual;;;;2211001
33302006;Fucape Pesquisa Ensino e Participações Limitada;Fucape-RJ;Fucape-RJ;Particular;Privada sem fins lucrativos;;;;3304557
40015017;UNIVERSIDADE ESTADUAL DO OESTE DO PARANA;UNIOESTE;UNIOESTE;Pública Estadual;Pública Estadual;;;;4104808
40006018;UNIVERSIDADE TECNOLÓGICA FEDERAL DO PARANÁ;UTFPR;UTFPR;Pública Federal;Pública Federal;;;;4104303
40001016;UNIVERSIDADE FEDERAL DO PARANÁ;UFPR;UFPR;Pública Federal;Pública Federal;;;;4106902
40005011;UNIVERSIDADE ESTADUAL DE PONTA GROSSA;UEPG;UEPG;Pública Estadual;Pública Estadual;;;;4119905
40002012;UNIVERSIDADE ESTADUAL DE LONDRINA;UEL;UEL;Pública Estadual;Pública Estadual;;;;4113700
40076016;UNIVERSIDADE ESTADUAL DO PARANA - Reitoria;UNESPAR;UNESPAR;Pública Estadual;Pública Estadual;;;;4104303
40004015;UNIVERSIDADE ESTADUAL DE MARINGÁ;UEM;UEM;Pública Estadual;Pública Estadual;;;;4115200
40030016;Centro Universitário de Maringá;UNICESUMAR;UNICESUMAR;Particular;Privada com fins lucrativos;;;;4115200
32053010;UNIVERSIDADE FUMEC;FUMEC;FUMEC;Particular;Privada sem fins lucrativos;;;;3106200
40024016;UNIVERSIDADE NORTE DO PARANÁ;UNOPAR;UNOPAR;Particular;Privada com fins lucrativos;;;;4113700
40075010;INSTITUTO AGRONÔMICO DO PARANÁ;IAPAR;IAPAR;Pública Estadual;Pública Estadual;;;;4113700
41020014;UNIVERSIDADE FEDERAL DA FRONTEIRA SUL;UFFS;UFFS;Pública Federal;Pública Federal;;;;4113304
40031012;UNIVERSIDADE ESTADUAL DO NORTE DO PARANÁ;UENP;UENP;Pública Estadual;Pública Estadual;;;;4102406
40014010;UNIVERSIDADE ESTADUAL DO CENTRO-OESTE;UNICENTRO;UNICENTRO;Pública Estadual;Pública Estadual;;;;4109401
40043010;UNIVERSIDADE FEDERAL DA INTEGRAÇÃO LATINO-AMERICANA;UNILA;UNILA;Pública Federal;Pública Federal;;;;4108304
33150010;FUNDO DE DEFESA DA CITRICULTURA (FUNDECITRUS);FUNDECITRU;FUNDECITRU;Particular;Privada sem fins lucrativos;;;;3503208
40022013;UNIVERSIDADE POSITIVO;UP;UP;Particular;Privada com fins lucrativos;;;;4106902
42009014;Fundação Universidade de Passo Fundo;FUPF;FUPF;Particular;Privada sem fins lucrativos;SIM;;;4314100
30015014;Faculdade Vale do Cricaré;FVC;FVC;Particular;Privada sem fins lucrativos;;;;3204906
40020010;UNIVERSIDADE TUIUTI DO PARANÁ;UTP;UTP;Particular;Privada com fins lucrativos;;;;4106902
40029018;CENTRO UNIVERSITÁRIO CURITIBA;UNICURITIBA;UNICURITIBA;Particular;Privada com fins lucrativos;;;;4106902
40036014;Centro Universitário Autônomo do Brasil;UNIBRASIL;UNIBRASIL;Particular;Privada com fins lucrativos;;;;4106902
40051013;Centro Universitário Internacional;UNINTER;UNINTER;Particular;Privada com fins lucrativos;;;;4106902
33158010;FUNDAÇÃO PIO XII - HOSPITAL DE CÂNCER DE BARRETOS;HCB;HCB;Particular;Privada sem fins lucrativos;;;;3505500
33160015;INSTITUTO SÍRIO-LIBANÊS DE ENSINO E PESQUISA;IEP;IEP;Particular;Privada sem fins lucrativos;;;;3550308
33280010;INSTITUTO DE ENSINO E PESQUISA ALBERTO SANTOS DUMONT;IEPASD;IEPASD;Particular;Privada sem fins lucrativos;;;;2407104
32058020;INST. DE ENSINO E PESQUISA DA SANTA CASA DE BELO HORIZONTE;IEPSC;IEPSC;Particular;Privada sem fins lucrativos;;;;3106200
40041018;FACULDADE ILAPEO;ILAPEO;ILAPEO;Particular;Privada com fins lucrativos;;;;4106902
31003010;UNIVERSIDADE FEDERAL FLUMINENSE;UFF;UFF;Pública Federal;Pública Federal;;;;3301009
25005014;INSTITUTO DE MEDICINA INTEGRAL PROFESSOR FERNANDO FIGUEIRA;IMIP;IMIP;Particular;Privada sem fins lucrativos;;SIM;;2611606
32057016;INSTITUTO NACIONAL DE TELECOMUNICAÇÕES;INATEL;INATEL;Particular;Privada sem fins lucrativos;;;;3159605
31004016;UNIVERSIDADE DO ESTADO DO RIO DE JANEIRO;UERJ;UERJ;Pública Estadual;Pública Estadual;;;;3301702
31002013;UNIVERSIDADE FEDERAL RURAL DO RIO DE JANEIRO;UFRRJ;UFRRJ;Pública Federal;Pública Federal;;;;3305554
31001017;UNIVERSIDADE FEDERAL DO RIO DE JANEIRO;UFRJ;UFRJ;Pública Federal;Pública Federal;;;;3302403
33129010;INSTITUTO DE ENSINO E PESQUISA;INSPER;INSPER;Particular;Privada sem fins lucrativos;;;;3550308
42042011;CENTRO UNIVERSITÁRIO METODISTA IPA;IPA;IPA;Particular;Privada sem fins lucrativos;SIM;SIM;SIM;4314902
31018017;UNIVERSIDADE ESTÁCIO DE SÁ;UNESA;UNESA;Particular;Privada com fins lucrativos;;;;3304557
31034012;FACULDADE DE ECONOMIA E FINANÇAS DO IBMEC;IBMEC;IBMEC;Particular;Privada com fins lucrativos;;;;3304557
31035019;UNIVERSIDADE DO GRANDE RIO - PROF JOSE DE SOUZA HERDY;UNIGRANRIO;UNIGRANRIO;Particular;Privada com fins lucrativos;;;;3301702
33140014;INSTITUTO DE PESQUISAS ECOLÓGICAS;IPÊ;IPÊ;Particular;Privada sem fins lucrativos;;;;3532405
31021018;UNIVERSIDADE FEDERAL DO ESTADO DO RIO DE JANEIRO;UNIRIO;UNIRIO;Pública Federal;Pública Federal;;;;3304557
31009018;CENTRO BRASILEIRO DE PESQUISAS FÍSICAS;CBPF;CBPF;Pública Federal;Pública Federal;;;;3304557
31013015;OBSERVATÓRIO NACIONAL;ON;ON;Pública Federal;Pública Federal;;;;3304557
31057012;INSTITUTO DE PESQUISA JARDIM BOTANICO DO RIO DE JANEIRO;JBRJ;JBRJ;Pública Federal;Pública Federal;;;;3304557
31007015;INSTITUTO MILITAR DE ENGENHARIA;IME;IME;Pública Federal;Pública Federal;;;;3304557
31022014;CENTRO FEDERAL DE EDUCAÇÃO TECN. CELSO SUCKOW DA FONSECA;CEFET/RJ;CEFET/RJ;Pública Federal;Pública Federal;;;;3304557
31050018;INSTITUTO FEDERAL DE EDUCACAO, CIENCIA E TECNOLOGIA DO RIO DE JANEIRO;IFRJ;IFRJ;Pública Federal;Pública Federal;;;;3303203
31070019;ESCOLA DE GUERRA NAVAL;EGN;EGN;Pública Federal;Pública Federal;;;;3304557
31096018;UNIVERSIDADE DA FORCA AEREA;UNIFA;UNIFA;Pública Federal;Pública Federal;;;;3304557
31098010;ESCOLA DE COMANDO E ESTADO-MAIOR DO EXÉRCITO;ECEME;ECEME;Pública Federal;Pública Federal;;;;3304557
31030017;UNIVERSIDADE VEIGA DE ALMEIDA;UVA;UVA;Particular;Privada com fins lucrativos;;;;3304557
40077012;INSTITUTO SUPERIOR DE ADMINISTRAÇÃO E ECONOMIA DO MERCOSUL;ISAE;ISAE;Particular;Privada sem fins lucrativos;;;;4106902
31088015;CENTRO UNIVERSITÁRIO ESTADUAL DA ZONA OESTE;UEZO;UEZO;Pública Estadual;Pública Estadual;;;;3304557
31099017;INSTITUTO NACIONAL DE TRAUMATOLOGIA E ORTOPEDIA;INTO;INTO;Pública Federal;Pública Federal;;;;3304557
31055010;MUSEU DE ASTRONOMIA E CIÊNCIAS AFINS;MAST;MAST;Pública Federal;Pública Federal;;;;3304557
33301000;FUNDACAO CASA DE RUI BARBOSA;FCRB;FCRB;Pública Federal;Pública Federal;;;;3304557
33105014;Centro Universitário de Bauru;ITE;ITE;Particular;Privada sem fins lucrativos;;;;3506003
31058019;INSTITUTO DE ENGENHARIA NUCLEAR;IEN;IEN;Pública Federal;Pública Federal;;;;3304557
31049010;COLÉGIO PEDRO II;CPII;CPII;Pública Federal;Pública Federal;;;;3304557
25017012;ASSOCIAÇÃO INSTITUTO DE TECNOLOGIA DE PERNAMBUCO;ITEP;ITEP;Particular;Privada sem fins lucrativos;;;;2611606
31056016;INSTITUTO DE RADIOPROTEÇÃO E DOSIMETRIA;IRD;IRD;Pública Federal;Pública Federal;;;;3304557
15024016;Associação Instituto Tecnológico Vale;ITV;ITV;Particular;Privada sem fins lucrativos;;;;1501402
31068014;INSTITUTO NACIONAL DA PROPRIEDADE INDUSTRIAL;INPI;INPI;Pública Federal;Pública Federal;;;;3304557
31076017;INSTITUTO DO PATRIMÔNIO HISTÓRICO E ARTÍSTICO NACIONAL;IPHAN;IPHAN;Pública Federal;Pública Federal;;;;3304557
40033015;INSTITUTO DE TECNOLOGIA PARA O DESENVOLVIMENTO;LACTEC;LACTEC;Particular;Privada sem fins lucrativos;;;;4106902
31008011;ASSOCIAÇÃO INSTITUTO NACIONAL DE MATEMÁTICA PURA E APLICADA;IMPA;IMPA;Pública Federal;Pública Federal;;;;3304557
33278016;Associação Paradigma Centro de Ciências e Tecnologia do Comportamento.;PARADIGMA;PARADIGMA;Particular;Privada sem fins lucrativos;;;;3550308
31061010;INSTITUTO NACIONAL DE CÂNCER;INCA;INCA;Pública Federal;Pública Federal;;;;3304557
31073018;INSTITUTO NACIONAL DE CARDIOLOGIA;INC;INC;Pública Federal;Pública Federal;;;;3304557
31045014;ESCOLA NACIONAL DE CIÊNCIAS ESTATÍSTICAS;ENCE;ENCE;Pública Federal;Pública Federal;;;;3304557
32008015;PONTIFÍCIA UNIVERSIDADE CATÓLICA DE MINAS GERAIS;PUC/MG;PUC/MG;Particular;Privada sem fins lucrativos;SIM;SIM;SIM;3106200
31036015;LABORATÓRIO NACIONAL DE COMPUTAÇÃO CIÊNTÍFICA;LNCC;LNCC;Pública Federal;Pública Federal;;;;3303906
40003019;PONTIFÍCIA UNIVERSIDADE CATÓLICA DO PARANÁ;PUC/PR;PUC/PR;Particular;Privada sem fins lucrativos;SIM;SIM;SIM;4106902
31040012;INSTITUTO FED. DE EDUCAÇÃO, CIÊNCIA E TECNOLOGIA FLUMINENSE;IFF;IFF;Pública Federal;Pública Federal;;;;3301009
31069010;INSTIT. NAC. METROLOGIA, NORMALIZAÇÃO E QUALIDADE INDUSTRIAL;INMETRO;INMETRO;Pública Federal;Pública Federal;;;;3301702
31033016;UNIVERSIDADE ESTADUAL DO NORTE FLUMINENSE DARCY RIBEIRO;UENF;UENF;Pública Estadual;Pública Estadual;;;;3301009
33305005;Instituto de Estudos do Mar Almirante Paulo Moreira;IEAPM;IEAPM;Pública Federal;Pública Federal;;;;3300258
23002018;UNIVERSIDADE DO ESTADO DO RIO GRANDE DO NORTE;UERN;UERN;Pública Estadual;Pública Estadual;;;;2408003
23001011;UNIVERSIDADE FEDERAL DO RIO GRANDE DO NORTE;UFRN;UFRN;Pública Federal;Pública Federal;;;;2407104
23004010;Universidade Potiguar;UNP;UNP;Particular;Privada com fins lucrativos;;;;2408102
23005017;INSTITUTO FED. DE EDUC, CIÊN. E TECN. DO RIO GRANDE DO NORTE;IFRN;IFRN;Pública Federal;Pública Federal;;;;2408102
23003014;UNIVERSIDADE FEDERAL RURAL DO SEMI-ÁRIDO;UFERSA;UFERSA;Pública Federal;Pública Federal;;;;2408003
42005019;PONTIFÍCIA UNIVERSIDADE CATÓLICA DO RIO GRANDE DO SUL;PUC/RS;PUC/RS;Particular;Privada sem fins lucrativos;SIM;SIM;SIM;4314902
10001018;UNIVERSIDADE FEDERAL DE RONDÔNIA;UNIR;UNIR;Pública Federal;Pública Federal;;;;1100205
13001019;FUNDAÇÃO UNIVERSIDADE FEDERAL DE RORAIMA;UFRR;UFRR;Pública Federal;Pública Federal;;;;1400100
13003011;UNIVERSIDADE ESTADUAL DE RORAIMA;UERR;UERR;Pública Estadual;Pública Estadual;;;;1400100
42046017;FUNDAÇÃO UNIVERSIDADE FEDERAL DO PAMPA;UNIPAMPA;UNIPAMPA;Pública Federal;Pública Federal;;;;4300406
33005010;PONTIFÍCIA UNIVERSIDADE CATÓLICA DE SÃO PAULO;PUC/SP;PUC/SP;Particular;Privada sem fins lucrativos;SIM;SIM;SIM;3550308
33006016;PONTIFÍCIA UNIVERSIDADE CATÓLICA DE CAMPINAS;PUCCAMP;PUCCAMP;Particular;Privada sem fins lucrativos;SIM;SIM;SIM;3509502
52002012;PONTIFÍCIA UNIVERSIDADE CATÓLICA DE GOIÁS;PUC-GOIÁS;PUC-GOIÁS;Particular;Privada sem fins lucrativos;SIM;SIM;SIM;5208707
42045010;UNIVERSIDADE ESTADUAL DO RIO GRANDE DO SUL;UERGS;UERGS;Pública Estadual;Pública Estadual;;;;4318200
31005012;PONTIFÍCIA UNIVERSIDADE CATÓLICA DO RIO DE JANEIRO;PUC-RIO;PUC-RIO;Particular;Privada sem fins lucrativos;SIM;SIM;SIM;3304557
42002010;UNIVERSIDADE FEDERAL DE SANTA MARIA;UFSM;UFSM;Pública Federal;Pública Federal;;;;4308508
33287015;SOCIEDADE BRASILEIRA DE BIOQUÍMICA E BIOLOGIA MOLECULAR;SBBq;SBBq;Particular;Privada sem fins lucrativos;;;;3550308
33283010;SOCIEDADE BRASILEIRA DE FÍSICA;SBF;SBF;Particular;Privada sem fins lucrativos;;;;3550308
42004012;UNIVERSIDADE FEDERAL DO RIO GRANDE;FURG;FURG;Pública Federal;Pública Federal;;;;4315602
42001013;UNIVERSIDADE FEDERAL DO RIO GRANDE DO SUL;UFRGS;UFRGS;Pública Federal;Pública Federal;;;;4314902
33147019;SOCIEDADE BRASILEIRA DE FISIOLOGIA;SBFis;SBFis;Particular;Privada sem fins lucrativos;;;;3550308
42043018;CENTRO UNIVERSITÁRIO RITTER DOS REIS;UNIRITTER;UNIRITTER;Particular;Privada com fins lucrativos;;;;4314902
42015014;FUNDAÇÃO UNIV. FEDERAL DE CIÊNCIAS DA SAÚDE DE PORTO ALEGRE;UFCSPA;UFCSPA;Pública Federal;Pública Federal;;;;4314902
33068011;SOCIEDADE BENEFICENTE ISRAELITA BRASILEIRA ALBERT EINSTEIN;SBIBAE;SBIBAE;Particular;Privada sem fins lucrativos;;;;3550308
31075010;SOCIEDADE BRASILEIRA DE MATEMÁTICA;SBM;SBM;Particular;Privada sem fins lucrativos;;;;3304557
31032010;UNIVERSIDADE CÂNDIDO MENDES;UCAM;UCAM;Particular;Privada sem fins lucrativos;;SIM;;3301009
42023017;HOSPITAL DE CLÍNICAS DE PORTO ALEGRE;HCPA;HCPA;Pública Federal;Pública Federal;;;;4314902
43001009;Hospital Nossa Senhora Conceição;GHC;GHC;Pública Federal;Pública Federal;;;;4314902
42003016;UNIVERSIDADE FEDERAL DE PELOTAS;UFPEL;UFPEL;Pública Federal;Pública Federal;;;;4304663
42033012;INSTITUTO FEDERAL DE EDUC., CIÊNC. E TECN. SUL-RIO-GRANDENSE;IFSul;IFSul;Pública Federal;Pública Federal;;;;4314407
53003012;Universidade Católica de Brasília;UCB;UCB;Particular;Privada sem fins lucrativos;;SIM;SIM;5300108
51002019;UNIVERSIDADE CATÓLICA DOM BOSCO;UCDB;UCDB;Particular;Privada sem fins lucrativos;SIM;SIM;SIM;5002704
42051010;FACULDADE MERIDIONAL;IMED;IMED;Particular;Privada com fins lucrativos;;;;4314100
31019013;UNIVERSIDADE CATOLICA DE PETROPOLIS;UCP/RJ;UCP/RJ;Particular;Privada sem fins lucrativos;SIM;SIM;SIM;3303906
42006015;UNIVERSIDADE CATÓLICA DE PELOTAS;UCPEL;UCPEL;Particular;Privada sem fins lucrativos;SIM;;;4314407
42008018;UNIVERSIDADE DE CAXIAS DO SUL;UCS;UCS;Particular;Privada sem fins lucrativos;SIM;;;4305108
42064015;FUNDAÇÃO ESTADUAL DE PESQUISA AGROPECUÁRIA;FEPAGRO;FEPAGRO;Pública Estadual;Pública Estadual;;;;4306767
28003012;UNIVERSIDADE CATÓLICA DO SALVADOR;UCSAL;UCSAL;Particular;Privada sem fins lucrativos;;SIM;SIM;2927408
32017014;UNIVERSIDADE  DE ITAÚNA;UI;UI;Particular;Privada sem fins lucrativos;;;;3133808
42019010;UNIVERSIDADE LUTERANA DO BRASIL;ULBRA;ULBRA;Particular;Privada sem fins lucrativos;;SIM;SIM;4304606
33017018;UNIVERSIDADE METODISTA DE SÃO PAULO;UMESP;UMESP;Particular;Privada sem fins lucrativos;SIM;;;3548708
42044014;INSTIT.FEDERAL DE EDUC., CIÊNC.E TECNOL.DO RIO GRANDE DO SUL;IFRS;IFRS;Pública Federal;Pública Federal;;;;4302105
33032017;UNIVERSIDADE DE RIBEIRÃO PRETO;UNAERP;UNAERP;Particular;Privada sem fins lucrativos;;SIM;;3543402
33125015;CENTRO UNIVERSITÁRIO ADVENTISTA DE SÃO PAULO;UNASP;UNASP;Particular;Privada sem fins lucrativos;SIM;SIM;SIM;3515152
41002016;UNIVERSIDADE DO ESTADO DE SANTA CATARINA;UDESC;UDESC;Pública Estadual;Pública Estadual;;;;4205407
41015010;UNIVERSIDADE DO EXTREMO SUL CATARINENSE;UNESC;UNESC;Particular;Privada sem fins lucrativos;;;;4204608
41025016;CENTRO UNIVERSITÁRIO FACVEST;FACVEST;FACVEST;Particular;Privada com fins lucrativos;;;;4209300
40035018;CENTRO UNIVERSITÁRIO CAMPOS DE ANDRADE;UNIANDRADE;UNIANDRADE;Particular;Privada sem fins lucrativos;;;;4106902
41001010;UNIVERSIDADE FEDERAL DE SANTA CATARINA;UFSC;UFSC;Pública Federal;Pública Federal;;;;4201406
41017013;CENTRO UNIVERSITÁRIO SOCIESC;UNISOCIESC;UNISOCIESC;Pública Municipal;Pública Municipal;;;;4209102
33082014;UNIVERSIDADE DE ARARAQUARA;UNIARA;UNIARA;Particular;Privada sem fins lucrativos;;;;3503208
41011015;INSTITUTO FEDERAL DE EDUCAÇÃO, CIÊNCIA E TECNOLOGIA DE SANTA CATARINA;IFSC;IFSC;Pública Federal;Pública Federal;;;;4205407
33114013;CENTRO UNIVERSITÁRIO HERMINIO OMETTO;UNIARARAS;UNIARARAS;Particular;Privada sem fins lucrativos;;SIM;;3503307
33057010;UNIVERSIDADE IBIRAPUERA;UNIB;UNIB;Particular;Privada sem fins lucrativos;;;;3550308
25002015;UNIVERSIDADE CATÓLICA DE PERNAMBUCO;UNICAP;UNICAP;Particular;Privada sem fins lucrativos;SIM;;;2611606
42070007;Universidade Alto Vale do Rio do Peixe;UNIARP;UNIARP;Pública Municipal;Pública Municipal;;;;4203006
41009010;UNIVERSIDADE DO CONTESTADO;UNC;UNC;Pública Municipal;Pública Municipal;;;;4203808
41006011;UNIVERSIDADE REGIONAL DE BLUMENAU;FURB;FURB;Pública Municipal;Pública Municipal;;;;4202404
41012011;Instituto Federal de Educação, Ciência e Tecnologia Catarinense;IFC;IFC;Pública Federal;Pública Federal;;;;4201307
27001016;FUNDAÇÃO UNIVERSIDADE FEDERAL DE SERGIPE;FUFSE;FUFSE;Pública Federal;Pública Federal;;;;2800308
27005011;INSTITUTO FED. DE EDUCAÇÃO, CIÊNCIA E TECNOLOGIA DE SERGIPE;IFS;IFS;Pública Federal;Pública Federal;;;;2800308
27002012;UNIVERSIDADE TIRADENTES;UNIT-SE;UNIT-SE;Particular;Privada com fins lucrativos;;;;2800308
33004188;UNIVERSIDADE EST.PAULISTA JÚLIO DE MESQUITA FILHO/TUPÃ;UNESP/TUPÃ;UNESP;Pública Estadual;Pública Estadual;;;;3555000
33021015;UNIVERSIDADE DE TAUBATÉ;UNITAU;UNITAU;Pública Municipal;Pública Municipal;;;;3554102
33004161;UNIVERSIDADE EST.PAULISTA JÚLIO DE MESQUITA FILHO/S.VICENTE;UNESP/SV;UNESP;Pública Estadual;Pública Estadual;;;;3551009
33002010;UNIVERSIDADE DE SÃO PAULO;USP;USP;Pública Estadual;Pública Estadual;;;;3506003
33056013;UNIVERSIDADE CAMILO CASTELO BRANCO;UNICASTELO;UNICASTELO;Particular;Privada sem fins lucrativos;;SIM;;3513702
53005015;CENTRO UNIVERSITÁRIO DE BRASÍLIA;UniCEUB;UniCEUB;Particular;Privada sem fins lucrativos;;;;5300108
20009011;CEUMA - ASSOC.ENSINO SUPERIOR - MANTENEDORA;UNICEUMA;UNICEUMA;Particular;Privada sem fins lucrativos;;;;2111300
42037018;UNIVERSIDADE DE CRUZ ALTA;UNICRUZ;UNICRUZ;Particular;Privada sem fins lucrativos;SIM;SIM;;4306106
53017013;CENTRO UNIVERSITÁRIO EURO-AMERICANO;UNIEURO;UNIEURO;Particular;Privada sem fins lucrativos;;;;5300108
52006018;CENTRO UNIVERSITÁRIO DE ANÁPOLIS;UNIEVANGELICA;UNIEVANGELICA;Particular;Privada sem fins lucrativos;;;;5201108
33106010;UNIVERSIDADE ANHEMBI MORUMBI;UAM;UAM;Particular;Privada com fins lucrativos;;;;3550308
33245010;CENTRO UNIVERSITÁRIO TERESA D´ÁVILA;UNIFATEA;UNIFATEA;Particular;Privada sem fins lucrativos;;;;3527207
33096015;CENTRO UNIVERSITÁRIO FECAP;UniFECAP;UniFECAP;Particular;Privada sem fins lucrativos;SIM;;;3550308
32145012;FUNDACAO EDUCACIONAL MONSENHOR MESSIAS;UNIFEMM;UNIFEMM;Particular;Privada sem fins lucrativos;;;;3167202
32016018;UNIVERSIDADE JOSÉ DO ROSÁRIO VELLANO;UNIFENAS;UNIFENAS;Particular;Privada sem fins lucrativos;;;;3101607
33079013;CENTRO UNIVERSITÁRIO FIEO;UNIFIEO;UNIFIEO;Particular;Privada sem fins lucrativos;;;;3534401
31067018;CENTRO UNIVERSITÁRIO DE VOLTA REDONDA;UniFOA;UniFOA;Particular;Privada sem fins lucrativos;;;;3306305
33072019;UNIVERSIDADE SÃO JUDAS TADEU;USJT;USJT;Particular;Privada com fins lucrativos;;;;3550308
33208018;FIAM-FAAM - CENTRO UNIVERSITÁRIO;FIAMFAAM;FIAMFAAM;Particular;Privada com fins lucrativos;;;;3550308
33004013;UNIVERSIDADE EST.PAULISTA JÚLIO DE MESQUITA FILHO;UNESP;UNESP;Pública Estadual;Pública Estadual;;;;3550308
33015015;INSTITUTO DE FÍSICA TEÓRICA/UNESP;IFT/UNESP;UNESP;Pública Estadual;Pública Estadual;;;;3550308
33078017;UNIVERSIDADE CRUZEIRO DO SUL;UNICSUL;UNICSUL;Particular;Privada com fins lucrativos;;;;3550308
22002014;UNIVERSIDADE DE FORTALEZA;UNIFOR;UNIFOR;Particular;Privada sem fins lucrativos;;;;2304400
33002029;UNIVERSIDADE DE SÃO PAULO/ RIBEIRÃO PRETO;USP/RP;USP;Pública Estadual;Pública Estadual;;;;3543402
33120013;INSTITUTO DE BOTANICA;IBT;IBT;Pública Estadual;Pública Estadual;;;;3550308
33107017;Universidade Anhanguera de São Paulo;UNIAN-SP;UNIAN-SP;Particular;Privada com fins lucrativos;;;;3550308
33004153;UNIVERSIDADE EST.PAULISTA JÚLIO DE MESQUITA FILHO/SJR. PRETO;UNESP/SJRP;UNESP;Pública Estadual;Pública Estadual;;;;3549805
42039010;CENTRO UNIVERSITÁRIO FRANCISCANO;UNIFRA;UNIFRA;Particular;Privada sem fins lucrativos;SIM;SIM;SIM;4316907
33009015;UNIVERSIDADE FEDERAL DE SÃO PAULO;UNIFESP;UNIFESP;Pública Federal;Pública Federal;;;;3513801
33045011;INSTITUTO BUTANTAN;IBU;IBU;Pública Estadual;Pública Estadual;;;;3550308
42024013;UNIV. REGIONAL DO NOROESTE DO ESTADO DO RIO GRANDE DO SUL;UNIJUÍ;UNIJUÍ;Particular;Privada sem fins lucrativos;SIM;SIM;;4310207
42021014;CENTRO UNIVERSITÁRIO LA SALLE;UNILASALLE;UNILASALLE;Particular;Privada sem fins lucrativos;SIM;;;4304606
33007012;UNIVERSIDADE METODISTA DE PIRACICABA;UNIMEP;UNIMEP;Particular;Privada sem fins lucrativos;SIM;SIM;SIM;3538709
33103011;UNIVERSIDADE METROPOLITANA DE SANTOS;UNIMES;UNIMES;Particular;Privada sem fins lucrativos;;;;3548500
33136017;FACULDADE AUTÔNOMA DE DIREITO;FADISP;FADISP;Particular;Privada com fins lucrativos;;;;3550308
32021011;UNIVERSIDADE VALE DO RIO VERDE;UNINCOR;UNINCOR;Particular;Privada sem fins lucrativos;;;;3169307
40038017;CENTRO UNIVERSITÁRIO INGÁ;UNINGÁ;UNINGÁ;Particular;Privada sem fins lucrativos;;;;4115200
33052018;UNIVERSIDADE CIDADE DE SÃO PAULO;UNICID;UNICID;Particular;Privada com fins lucrativos;;;;3550308
33126011;CENTRO ESTADUAL DE EDUCAÇÃO TECNOLÓGICA PAULA SOUZA;CEETEPS;CEETEPS;Pública Estadual;Pública Estadual;;;;3550308
12006017;UNIVERSIDADE NILTON LINS;UNINILTON;UNINILTON;Particular;Privada sem fins lucrativos;;;;1302603
33092010;UNIVERSIDADE NOVE DE JULHO;UNINOVE;UNINOVE;Particular;Privada sem fins lucrativos;;;;3550308
22021019;CENTRO UNIVERSITÁRIO INTA;UNINTA;UNINTA;Particular;Privada sem fins lucrativos;;;;2312908
33083010;INSTITUTO DE PESQ.TECNOLÓGICAS DO ESTADO DE SÃO PAULO;IPT;IPT;Pública Estadual;Pública Estadual;;;;3550308
33084017;INSTITUTO FEDERAL DE EDUCAÇÃO, CIÊNCIA E TECN. DE SÃO PAULO;IFSP;IFSP;Pública Federal;Pública Federal;;;;3550308
33063010;UNIVERSIDADE PAULISTA;UNIP;UNIP;Particular;Privada sem fins lucrativos;;;;3550308
33003017;UNIVERSIDADE ESTADUAL DE CAMPINAS;UNICAMP;UNICAMP;Pública Estadual;Pública Estadual;;;;3509502
40028011;UNIVERSIDADE PARANAENSE;UNIPAR;UNIPAR;Particular;Privada sem fins lucrativos;;;;4128104
24003018;CENTRO UNIVERSITÁRIO DE JOÃO PESSOA;UNIPÊ;UNIPÊ;Particular;Privada sem fins lucrativos;;;;2507507
33141010;INSTITUTO BIOLÓGICO;IBSP;IBSP;Pública Estadual;Pública Estadual;;;;3550308
33157014;FUND JORGE DUPRAT FIGUEIREDO DE SEGURANÇA E MED DO TRABALHO;FUNDACENTR;FUNDACENTR;Pública Federal;Pública Federal;;;;3550308
33038015;INSTITUTO DE ASSIST. MÉDICA AO SERVIDOR PÚBLICO ESTADUAL;IAMSPE;IAMSPE;Pública Estadual;Pública Estadual;;;;3550308
33073015;FUNDAÇÃO ANTONIO PRUDENTE - HOSPITAL A. C. CAMARGO;FAP;FAP;Particular;Privada com fins lucrativos;;;;3550308
41019016;UNIVERSIDADE DO PLANALTO CATARINENSE;UNIPLAC/SC;UNIPLAC/SC;Particular;Privada sem fins lucrativos;;;;4209300
33115010;COORDENADORIA CONTROLE DE DOENÇAS DA SEC EST DA SAÚDE DE SP;CCD/SES;CCD/SES;Pública Estadual;Pública Estadual;;;;3550308
33076014;UNIVERSIDADE DE SANTO AMARO;UNISA;UNISA;Particular;Privada sem fins lucrativos;;SIM;;3550308
33131015;CENTRO UNIVERSITÁRIO SALESIANO DE SÃO PAULO;UNISAL;UNISAL;Particular;Privada sem fins lucrativos;;;;3550308
33115028;COORDENADORIA DE RECURSOS HUMANOS DA SEC EST DA SAÚDE DE SP;CRH/SES-SP;CRH/SES-SP;Pública Estadual;Pública Estadual;;;;3550308
33132011;INSTITUTO DE PESCA - APTA - SEC. DE AGR. E ABAST. - SP;IP;IP;Pública Estadual;Pública Estadual;;;;3550308
33153019;CENTRO UNIVERS. DAS FACULDADES ASSOCIADAS DE ENSINO FAE;UNIFAE-SP;UNIFAE-SP;Pública Municipal;Pública Municipal;;;;3549102
33010013;INSTITUTO NACIONAL DE PESQUISAS ESPACIAIS;INPE;INPE;Pública Federal;Pública Federal;;;;3549904
33011010;INSTITUTO TECNOLÓGICO DE AERONÁUTICA;ITA;ITA;Pública Federal;Pública Federal;;;;3549904
33087016;UNIVERSIDADE SANTA CECÍLIA;UNISANTA;UNISANTA;Particular;Privada sem fins lucrativos;;;;3548500
33004145;UNIVERSIDADE EST.PAULISTA JÚLIO DE MESQUITA FILHO/S.J.CAMPOS;UNESP/SJC;UNESP;Pública Estadual;Pública Estadual;;;;3549904
33031010;FACULDADE DE MEDICINA DE SÃO JOSÉ DO RIO PRETO;FAMERP;FAMERP;Pública Estadual;Pública Estadual;;;;3549805
33001014;UNIVERSIDADE FEDERAL DE SÃO CARLOS;UFSCAR;UFSCAR;Pública Federal;Pública Federal;;;;3503307
33002045;UNIVERSIDADE DE SÃO PAULO/SÃO CARLOS;USP/SC;USP;Pública Estadual;Pública Estadual;;;;3548906
33110018;UNIVERSIDADE MUNICIPAL DE SÃO CAETANO DO SUL;USCS;USCS;Pública Municipal;Pública Municipal;;;;3548807
33020019;UNIVERSIDADE CATÓLICA DE SANTOS;UNISANTOS;UNISANTOS;Particular;Privada sem fins lucrativos;SIM;SIM;SIM;3548500
42020018;UNIVERSIDADE DE SANTA CRUZ DO SUL;UNISC;UNISC;Particular;Privada sem fins lucrativos;SIM;SIM;;4316808
42007011;UNIVERSIDADE DO VALE DO RIO DOS SINOS;UNISINOS;UNISINOS;Particular;Privada sem fins lucrativos;SIM;SIM;SIM;4318705
33144010;UNIVERSIDADE FEDERAL DO ABC;UFABC;UFABC;Pública Federal;Pública Federal;;;;3547809
33004170;UNIVERSIDADE EST.PAULISTA JÚLIO DE MESQUITA FILHO/SOROCABA;UNESP/SOR;UNESP;Pública Estadual;Pública Estadual;;;;3552205
33065012;UNIVERSIDADE DE SOROCABA;UNISO;UNISO;Particular;Privada sem fins lucrativos;SIM;SIM;;3552205
31063012;CENTRO UNIVERSITÁRIO AUGUSTO MOTTA;UNISUAM;UNISUAM;Particular;Privada sem fins lucrativos;;SIM;;3304557
41008014;UNIVERSIDADE DO SUL DE SANTA CATARINA;UNISUL;UNISUL;Particular;Privada sem fins lucrativos;SIM;;;4218707
32036019;UNIVERSIDADE DE UBERABA;UNIUBE;UNIUBE;Particular;Privada sem fins lucrativos;;SIM;;3170107
32009011;UNIVERSIDADE VALE DO RIO DOCE;UNIVALE;UNIVALE;Particular;Privada sem fins lucrativos;;;;3127701
41005015;UNIVERSIDADE DO VALE DO ITAJAÍ;UNIVALI;UNIVALI;Particular;Privada sem fins lucrativos;SIM;SIM;;4208203
33004137;UNIVERSIDADE EST.PAULISTA JÚLIO DE MESQUITA FILHO/RIO CLARO;UNESP/RC;UNESP;Pública Estadual;Pública Estadual;;;;3506003
33051011;UNIVERSIDADE DO VALE DO PARAÍBA;UNIVAP;UNIVAP;Particular;Privada sem fins lucrativos;SIM;SIM;;3549904
32073011;UNIVERSIDADE DO VALE DO SAPUCAI;UNIVAS;UNIVAS;Particular;Privada sem fins lucrativos;;;;3152501
42014018;FUNDACAO VALE DO TAQUARI DE EDUCACAO E DESENVOLVIMENTO SOCIAL - FUVATES;UNIVATES;UNIVATES;Particular;Privada sem fins lucrativos;SIM;;;4311403
33004129;UNIVERSIDADE EST.PAULISTA JÚLIO DE MESQUITA FILHO/PR.PRUDENTE;UNESP/PP;UNESP;Pública Estadual;Pública Estadual;;;;3541406
33002037;UNIV.DE SÃO PAULO/ESCOLA SUP. DE AGRICULTURA LUIZ DE QUEIROZ;USP/ESALQ;USP;Pública Estadual;Pública Estadual;;;;3538709
33002061;UNIV. DE SÃO PAULO/CENTRO DE ENERG. NUCL.  AGRICULTURA;USP/CENA;USP;Pública Estadual;Pública Estadual;;;;3538709
33003033;UNIVERSIDADE ESTADUAL DE CAMPINAS/PIRACICABA;UNICAMP/Pi;UNICAMP;Pública Estadual;Pública Estadual;;;;3538709
33117012;UNIVERSIDADE UNIVERSUS VERITAS GUARULHOS;UNIVERITAS UNG;UNIVERITAS UNG;Particular;Privada sem fins lucrativos;;;;3518800
33148015;INSTITUTO DE ZOOTECNIA IZ/APTA-SAA/SP;IZ/APTA;IZ/APTA;Pública Estadual;Pública Estadual;;;;3533403
31025013;UNIVERSIDADE SALGADO DE OLIVEIRA;UNIVERSO;UNIVERSO;Particular;Privada sem fins lucrativos;;;;3303302
33008019;UNIVERSIDADE DE MOGI DAS CRUZES;UMC;UMC;Particular;Privada com fins lucrativos;;;;3530607
33281017;INSTITUTO EDUCATIEHOOG DE ENSINO E PESQUISA LTDA;EDUCATIE;EDUCATIE;Particular;Privada com fins lucrativos;;;;3530607
33004110;UNIVERSIDADE EST.PAULISTA JÚLIO DE MESQUITA FILHO/MARILIA;UNESP/MAR;UNESP;Pública Estadual;Pública Estadual;;;;3529005
33034010;UNIVERSIDADE DE MARÍLIA;UNIMAR;UNIMAR;Particular;Privada com fins lucrativos;;;;3529005
41004019;UNIVERSIDADE DA REGIÃO DE JOINVILLE;UNIVILLE;UNIVILLE;Particular;Privada sem fins lucrativos;SIM;;;4209102
33029016;FACULDADE DE MEDICINA DE MARÍLIA;FAMEMA;FAMEMA;Pública Estadual;Pública Estadual;;;;3529005
41016017;UNIVERSIDADE COMUNITÁRIA DA REGIÃO DE CHAPECÓ;UNOCHAPECÓ;UNOCHAPECÓ;Particular;Privada sem fins lucrativos;SIM;SIM;SIM;4204202
33002088;ESCOLA DE ENGENHARIA DE LORENA;USP/EEL;USP;Pública Estadual;Pública Estadual;;;;3527207
33003025;UNIVERSIDADE ESTADUAL DE CAMPINAS/LIMEIRA;UNICAMP/Li;UNICAMP;Pública Estadual;Pública Estadual;;;;3526902
33026017;FACULDADE DE MEDICINA DE JUNDIAÍ;FMJ;FMJ;Pública Municipal;Pública Municipal;;;;3525904
33004102;UNIVERSIDADE EST.PAULISTA JÚLIO DE MESQUITA FILHO/JABOTICAB.;UNESP/JAB;UNESP;Pública Estadual;Pública Estadual;;;;3524303
41007018;Universidade do Oeste de Santa Catarina;UNOESC;UNOESC;Particular;Privada sem fins lucrativos;SIM;SIM;;4204202
33004099;UNIVERSIDADE EST.PAULISTA JÚLIO DE MESQUITA FILHO/ILHA  SOLT;UNESP/IS;UNESP;Pública Estadual;Pública Estadual;;;;3520442
33054010;UNIVERSIDADE DO OESTE PAULISTA;UNOESTE;UNOESTE;Particular;Privada sem fins lucrativos;;;;3541406
33004080;UNIVERSIDADE EST.PAULISTA JÚLIO DE MESQUITA FILHO/GUARAT.;UNESP/GUAR;UNESP;Pública Estadual;Pública Estadual;;;;3518404
33004072;UNIVERSIDADE EST.PAULISTA JÚLIO DE MESQUITA FILHO/FRANCA;UNESP/FR;UNESP;Pública Estadual;Pública Estadual;;;;3516200
33093016;UNIVERSIDADE DE FRANCA;UNIFRAN;UNIFRAN;Particular;Privada com fins lucrativos;;;;3516200
33099014;CENTRO UNIVERSITÁRIO DE FRANCA;Uni-FACEF;Uni-FACEF;Pública Municipal;Pública Municipal;;;;3516200
33149011;FACULDADE CAMPO LIMPO PAULISTA;FACCAMP;FACCAMP;Particular;Privada com fins lucrativos;;;;3509601
33024014;UNIVERSIDADE PRESBITERIANA MACKENZIE;UPM;UPM;Particular;Privada sem fins lucrativos;SIM;SIM;SIM;3550308
33299013;INSTITUTO DE TECNOLOGIA DE ALIMENTOS;ITAL;ITAL;Pública Estadual;Pública Estadual;;;;3509502
33081018;INSTITUTO AGRONÔMICO;IAC;IAC;Pública Estadual;Pública Estadual;;;;3509502
33119015;CENTRO DE PESQUISAS ODONTOLOGICAS SAO LEOPOLDO MANDIC;SLMANDIC;SLMANDIC;Particular;Privada com fins lucrativos;;;;3509502
33004064;UNIVERSIDADE EST.PAULISTA JÚLIO DE MESQUITA FILHO/BOTUCATU;UNESP/BOT;UNESP;Pública Estadual;Pública Estadual;;;;3507506
33004056;UNIVERSIDADE EST.PAULISTA JÚLIO DE MESQUITA FILHO/BAURU;UNESP/BAU;UNESP;Pública Estadual;Pública Estadual;;;;3506003
42010012;UNIV. REGIONAL INTEGRADA DO ALTO URUGUAI E DAS MISSÕES;URI;URI;Particular;Privada sem fins lucrativos;SIM;SIM;;4307005
33067015;UNIVERSIDADE DO SAGRADO CORAÇÃO;USC;USC;Particular;Privada sem fins lucrativos;;SIM;SIM;3506003
33002053;UNIVERSIDADE DE SÃO PAULO/FAC. ODONTOLOGIA DE BAURU;USP/FOB;USP;Pública Estadual;Pública Estadual;;;;3506003
33050015;UNIVERSIDADE SÃO FRANCISCO;USF;USF;Particular;Privada sem fins lucrativos;SIM;;;3507605
33004048;UNIVERSIDADE EST.PAULISTA JÚLIO DE MESQUITA FILHO/ASSIS;UNESP/ASS;UNESP;Pública Estadual;Pública Estadual;;;;3504008
33004021;UNIVERSIDADE EST.PAULISTA JÚLIO DE MESQUITA FILHO/ARAÇATUBA;UNESP/ARAÇ;UNESP;Pública Estadual;Pública Estadual;;;;3502804
31027016;UNIVERSIDADE SEVERINO SOMBRA;USS;USS;Particular;Privada sem fins lucrativos;;;;3306206
33004030;UNIVERSIDADE EST.PAULISTA JÚLIO DE MESQUITA FILHO/ARARAQUARA;UNESP/ARAR;UNESP;Pública Estadual;Pública Estadual;;;;3503208
31017010;UNIVERSIDADE SANTA ÚRSULA;USU;USU;Particular;Privada sem fins lucrativos;;;;3304557
30011019;UNIVERSIDADE VILA VELHA;UVV;UVV;Particular;Privada sem fins lucrativos;;;;3205200
16003012;UNIVERSIDADE FEDERAL DO TOCANTINS;UFT;UFT;Pública Federal;Pública Federal;;;;1702109
;;;;;;;;;
;;;;;;;;;
;;;;;;;;;
;;;;;;;;;
;;;;;;;;;
;;;;;;;;;
;;;;;;;;;
;;;;;;;;;
;;;;;;;;;
;;;;;;;;;
;;;;;;;;;
;;;;;;;;;
;;;;;;;;;
;;;;;;;;;
;;;;;;;;;
;;;;;;;;;
;;;;;;;;;
;;;;;;;;;
;;;;;;;;;
;;;;;;;;;
;;;;;;;;;
;;;;;;;;;
;;;;;;;;;
;;;;;;;;;
;;;;;;;;;
;;;;;;;;;
;;;;;;;;;
;;;;;;;;;
;;;;;;;;;
;;;;;;;;;
;;;;;;;;;
;;;;;;;;;
;;;;;;;;;
;;;;;;;;;
;;;;;;;;;
;;;;;;;;;
;;;;;;;;;
;;;;;;;;;
;;;;;;;;;
;;;;;;;;;
;;;;;;;;;
;;;;;;;;;
;;;;;;;;;
;;;;;;;;;
;;;;;;;;;
;;;;;;;;;
;;;;;;;;;
;;;;;;;;;
;;;;;;;;;
;;;;;;;;;
;;;;;;;;;
;;;;;;;;;
;;;;;;;;;
;;;;;;;;;
;;;;;;;;;
;;;;;;;;;
;;;;;;;;;
;;;;;;;;;
;;;;;;;;;
;;;;;;;;;
;;;;;;;;;
;;;;;;;;;
;;;;;;;;;
;;;;;;;;;
;;;;;;;;;
;;;;;;;;;
;;;;;;;;;
;;;;;;;;;
;;;;;;;;;
;;;;;;;;;
;;;;;;;;;
;;;;;;;;;
;;;;;;;;;
;;;;;;;;;
;;;;;;;;;
;;;;;;;;;
;;;;;;;;;
;;;;;;;;;
;;;;;;;;;
;;;;;;;;;
;;;;;;;;;
;;;;;;;;;
;;;;;;;;;
;;;;;;;;;
;;;;;;;;;
;;;;;;;;;
;;;;;;;;;
;;;;;;;;;
;;;;;;;;;
;;;;;;;;;
;;;;;;;;;
;;;;;;;;;
;;;;;;;;;
;;;;;;;;;
;;;;;;;;;
;;;;;;;;;
;;;;;;;;;
;;;;;;;;;
;;;;;;;;;
;;;;;;;;;
;;;;;;;;;
;;;;;;;;;
;;;;;;;;;
;;;;;;;;;
;;;;;;;;;
;;;;;;;;;
;;;;;;;;;
;;;;;;;;;
;;;;;;;;;
;;;;;;;;;
;;;;;;;;;
;;;;;;;;;
;;;;;;;;;
;;;;;;;;;
;;;;;;;;;
;;;;;;;;;
;;;;;;;;;
;;;;;;;;;
;;;;;;;;;
;;;;;;;;;
;;;;;;;;;
;;;;;;;;;
;;;;;;;;;
;;;;;;;;;
;;;;;;;;;
;;;;;;;;;
;;;;;;;;;
;;;;;;;;;
;;;;;;;;;
;;;;;;;;;
;;;;;;;;;
;;;;;;;;;
;;;;;;;;;
;;;;;;;;;
;;;;;;;;;
;;;;;;;;;
;;;;;;;;;
;;;;;;;;;
;;;;;;;;;
;;;;;;;;;
;;;;;;;;;
;;;;;;;;;
;;;;;;;;;
;;;;;;;;;
;;;;;;;;;
;;;;;;;;;
;;;;;;;;;
;;;;;;;;;
;;;;;;;;;
;;;;;;;;;
;;;;;;;;;
;;;;;;;;;
;;;;;;;;;
;;;;;;;;;
;;;;;;;;;
;;;;;;;;;
;;;;;;;;;
;;;;;;;;;
;;;;;;;;;
;;;;;;;;;
;;;;;;;;;
;;;;;;;;;
;;;;;;;;;
;;;;;;;;;
;;;;;;;;;
;;;;;;;;;
;;;;;;;;;
;;;;;;;;;
;;;;;;;;;
;;;;;;;;;
;;;;;;;;;
;;;;;;;;;
;;;;;;;;;
;;;;;;;;;
;;;;;;;;;
;;;;;;;;;
;;;;;;;;;
;;;;;;;;;
;;;;;;;;;
;;;;;;;;;
;;;;;;;;;
;;;;;;;;;
;;;;;;;;;
;;;;;;;;;
;;;;;;;;;
;;;;;;;;;
;;;;;;;;;
;;;;;;;;;
;;;;;;;;;
;;;;;;;;;
;;;;;;;;;
;;;;;;;;;
;;;;;;;;;
;;;;;;;;;
;;;;;;;;;
;;;;;;;;;
;;;;;;;;;
;;;;;;;;;
;;;;;;;;;
;;;;;;;;;
;;;;;;;;;
;;;;;;;;;
;;;;;;;;;
;;;;;;;;;
;;;;;;;;;
;;;;;;;;;
;;;;;;;;;
;;;;;;;;;
;;;;;;;;;
;;;;;;;;;
;;;;;;;;;
;;;;;;;;;
;;;;;;;;;
;;;;;;;;;
;;;;;;;;;
;;;;;;;;;
;;;;;;;;;
;;;;;;;;;
;;;;;;;;;
;;;;;;;;;
;;;;;;;;;
;;;;;;;;;
;;;;;;;;;
;;;;;;;;;
;;;;;;;;;
;;;;;;;;;
;;;;;;;;;
;;;;;;;;;
;;;;;;;;;
;;;;;;;;;
;;;;;;;;;
;;;;;;;;;
;;;;;;;;;
;;;;;;;;;
;;;;;;;;;
;;;;;;;;;
;;;;;;;;;
;;;;;;;;;
;;;;;;;;;
;;;;;;;;;
;;;;;;;;;
;;;;;;;;;
;;;;;;;;;
;;;;;;;;;
;;;;;;;;;
;;;;;;;;;
;;;;;;;;;
;;;;;;;;;
;;;;;;;;;
;;;;;;;;;
;;;;;;;;;
;;;;;;;;;
;;;;;;;;;
;;;;;;;;;
;;;;;;;;;
;;;;;;;;;
;;;;;;;;;
;;;;;;;;;
;;;;;;;;;
;;;;;;;;;
;;;;;;;;;
;;;;;;;;;
;;;;;;;;;
;;;;;;;;;
;;;;;;;;;
;;;;;;;;;
;;;;;;;;;
;;;;;;;;;
;;;;;;;;;
;;;;;;;;;
;;;;;;;;;
;;;;;;;;;
;;;;;;;;;
;;;;;;;;;
;;;;;;;;;
;;;;;;;;;
;;;;;;;;;
;;;;;;;;;
;;;;;;;;;
;;;;;;;;;
;;;;;;;;;
;;;;;;;;;
;;;;;;;;;
;;;;;;;;;
;;;;;;;;;
;;;;;;;;;
;;;;;;;;;
;;;;;;;;;
;;;;;;;;;
;;;;;;;;;
;;;;;;;;;
;;;;;;;;;
;;;;;;;;;
;;;;;;;;;
;;;;;;;;;
;;;;;;;;;
;;;;;;;;;
;;;;;;;;;
;;;;;;;;;
;;;;;;;;;
;;;;;;;;;
;;;;;;;;;
;;;;;;;;;
;;;;;;;;;
;;;;;;;;;
;;;;;;;;;
;;;;;;;;;
;;;;;;;;;
;;;;;;;;;
;;;;;;;;;
;;;;;;;;;
;;;;;;;;;
;;;;;;;;;
;;;;;;;;;
;;;;;;;;;
;;;;;;;;;
;;;;;;;;;
;;;;;;;;;
;;;;;;;;;
;;;;;;;;;
;;;;;;;;;
;;;;;;;;;
;;;;;;;;;
;;;;;;;;;
;;;;;;;;;
;;;;;;;;;
;;;;;;;;;
;;;;;;;;;
;;;;;;;;;
;;;;;;;;;
;;;;;;;;;
;;;;;;;;;
;;;;;;;;;
;;;;;;;;;
;;;;;;;;;
;;;;;;;;;
;;;;;;;;;
;;;;;;;;;
;;;;;;;;;
;;;;;;;;;
;;;;;;;;;
;;;;;;;;;
;;;;;;;;;
;;;;;;;;;
;;;;;;;;;
;;;;;;;;;
;;;;;;;;;
;;;;;;;;;
;;;;;;;;;
;;;;;;;;;
;;;;;;;;;
;;;;;;;;;
;;;;;;;;;
;;;;;;;;;
;;;;;;;;;
;;;;;;;;;
;;;;;;;;;
;;;;;;;;;
;;;;;;;;;
;;;;;;;;;
;;;;;;;;;
;;;;;;;;;
;;;;;;;;;
;;;;;;;;;
;;;;;;;;;
;;;;;;;;;
;;;;;;;;;
;;;;;;;;;
;;;;;;;;;
;;;;;;;;;
;;;;;;;;;
;;;;;;;;;
;;;;;;;;;
;;;;;;;;;
;;;;;;;;;
;;;;;;;;;
;;;;;;;;;
;;;;;;;;;
;;;;;;;;;
;;;;;;;;;
;;;;;;;;;
;;;;;;;;;
;;;;;;;;;
;;;;;;;;;
;;;;;;;;;
;;;;;;;;;
;;;;;;;;;
;;;;;;;;;
;;;;;;;;;
;;;;;;;;;
;;;;;;;;;
;;;;;;;;;
;;;;;;;;;
;;;;;;;;;
;;;;;;;;;
;;;;;;;;;
;;;;;;;;;
;;;;;;;;;
;;;;;;;;;
;;;;;;;;;
;;;;;;;;;
;;;;;;;;;
;;;;;;;;;
;;;;;;;;;
;;;;;;;;;
;;;;;;;;;
;;;;;;;;;
;;;;;;;;;
;;;;;;;;;
;;;;;;;;;
;;;;;;;;;
;;;;;;;;;
;;;;;;;;;
;;;;;;;;;
;;;;;;;;;
;;;;;;;;;
;;;;;;;;;
;;;;;;;;;
;;;;;;;;;
;;;;;;;;;
;;;;;;;;;
;;;;;;;;;
;;;;;;;;;
;;;;;;;;;
;;;;;;;;;
;;;;;;;;;
;;;;;;;;;
;;;;;;;;;
;;;;;;;;;
;;;;;;;;;
;;;;;;;;;
;;;;;;;;;
;;;;;;;;;
;;;;;;;;;
;;;;;;;;;
;;;;;;;;;
;;;;;;;;;
;;;;;;;;;
;;;;;;;;;
;;;;;;;;;
;;;;;;;;;
;;;;;;;;;
;;;;;;;;;
;;;;;;;;;
;;;;;;;;;
;;;;;;;;;
;;;;;;;;;
;;;;;;;;;
;;;;;;;;;
;;;;;;;;;
;;;;;;;;;
;;;;;;;;;
;;;;;;;;;
;;;;;;;;;
;;;;;;;;;
;;;;;;;;;
;;;;;;;;;
;;;;;;;;;
;;;;;;;;;
;;;;;;;;;
;;;;;;;;;
;;;;;;;;;
;;;;;;;;;
;;;;;;;;;
;;;;;;;;;
;;;;;;;;;
;;;;;;;;;
;;;;;;;;;
;;;;;;;;;
;;;;;;;;;
;;;;;;;;;
;;;;;;;;;
;;;;;;;;;
;;;;;;;;;
;;;;;;;;;
;;;;;;;;;
;;;;;;;;;
;;;;;;;;;
;;;;;;;;;
;;;;;;;;;
;;;;;;;;;
;;;;;;;;;
;;;;;;;;;
;;;;;;;;;
;;;;;;;;;
;;;;;;;;;
;;;;;;;;;
;;;;;;;;;
;;;;;;;;;
;;;;;;;;;
;;;;;;;;;
;;;;;;;;;
;;;;;;;;;
;;;;;;;;;
;;;;;;;;;
;;;;;;;;;
;;;;;;;;;
;;;;;;;;;
;;;;;;;;;
;;;;;;;;;
;;;;;;;;;
;;;;;;;;;
;;;;;;;;;
;;;;;;;;;
;;;;;;;;;
;;;;;;;;;
;;;;;;;;;
;;;;;;;;;
;;;;;;;;;
;;;;;;;;;
;;;;;;;;;
;;;;;;;;;
;;;;;;;;;
;;;;;;;;;
;;;;;;;;;
;;;;;;;;;
;;;;;;;;;
;;;;;;;;;
;;;;;;;;;
;;;;;;;;;
;;;;;;;;;
;;;;;;;;;
;;;;;;;;;
;;;;;;;;;
;;;;;;;;;
;;;;;;;;;
;;;;;;;;;
;;;;;;;;;
;;;;;;;;;
;;;;;;;;;
;;;;;;;;;
;;;;;;;;;
;;;;;;;;;
;;;;;;;;;
;;;;;;;;;
;;;;;;;;;
;;;;;;;;;
;;;;;;;;;
;;;;;;;;;
;;;;;;;;;
;;;;;;;;;
;;;;;;;;;
;;;;;;;;;
;;;;;;;;;
;;;;;;;;;
;;;;;;;;;
;;;;;;;;;
;;;;;;;;;
;;;;;;;;;
;;;;;;;;;
;;;;;;;;;
;;;;;;;;;
;;;;;;;;;
;;;;;;;;;
;;;;;;;;;
;;;;;;;;;
;;;;;;;;;
;;;;;;;;;
;;;;;;;;;
;;;;;;;;;
;;;;;;;;;
;;;;;;;;;
;;;;;;;;;
;;;;;;;;;
;;;;;;;;;
;;;;;;;;;
;;;;;;;;;
;;;;;;;;;
;;;;;;;;;
;;;;;;;;;
;;;;;;;;;
;;;;;;;;;
;;;;;;;;;
;;;;;;;;;
;;;;;;;;;
;;;;;;;;;
;;;;;;;;;
;;;;;;;;;
;;;;;;;;;
;;;;;;;;;
;;;;;;;;;
;;;;;;;;;
;;;;;;;;;
;;;;;;;;;
;;;;;;;;;
;;;;;;;;;
;;;;;;;;;
;;;;;;;;;
;;;;;;;;;
;;;;;;;;;
;;;;;;;;;
;;;;;;;;;
;;;;;;;;;
;;;;;;;;;
;;;;;;;;;
;;;;;;;;;
;;;;;;;;;
;;;;;;;;;
;;;;;;;;;
;;;;;;;;;
;;;;;;;;;
;;;;;;;;;
;;;;;;;;;
;;;;;;;;;
;;;;;;;;;
;;;;;;;;;
;;;;;;;;;
;;;;;;;;;
;;;;;;;;;
;;;;;;;;;
;;;;;;;;;
;;;;;;;;;
;;;;;;;;;
;;;;;;;;;
;;;;;;;;;
;;;;;;;;;
;;;;;;;;;
;;;;;;;;;
;;;;;;;;;
;;;;;;;;;
;;;;;;;;;
;;;;;;;;;
;;;;;;;;;
;;;;;;;;;
;;;;;;;;;
;;;;;;;;;
;;;;;;;;;
;;;;;;;;;
;;;;;;;;;
;;;;;;;;;
;;;;;;;;;
;;;;;;;;;
;;;;;;;;;
;;;;;;;;;
;;;;;;;;;
;;;;;;;;;
;;;;;;;;;
;;;;;;;;;
;;;;;;;;;
;;;;;;;;;
;;;;;;;;;
;;;;;;;;;
;;;;;;;;;
;;;;;;;;;
;;;;;;;;;
;;;;;;;;;
;;;;;;;;;
;;;;;;;;;
;;;;;;;;;
;;;;;;;;;
;;;;;;;;;
;;;;;;;;;
;;;;;;;;;
;;;;;;;;;
;;;;;;;;;
;;;;;;;;;
;;;;;;;;;
;;;;;;;;;
;;;;;;;;;
;;;;;;;;;
;;;;;;;;;
;;;;;;;;;
;;;;;;;;;
;;;;;;;;;
;;;;;;;;;
;;;;;;;;;
;;;;;;;;;
;;;;;;;;;
;;;;;;;;;
;;;;;;;;;
;;;;;;;;;
;;;;;;;;;
;;;;;;;;;
;;;;;;;;;
;;;;;;;;;
;;;;;;;;;
;;;;;;;;;
;;;;;;;;;
;;;;;;;;;
;;;;;;;;;
;;;;;;;;;
;;;;;;;;;
;;;;;;;;;
;;;;;;;;;
;;;;;;;;;
;;;;;;;;;
;;;;;;;;;
;;;;;;;;;
;;;;;;;;;
;;;;;;;;;
;;;;;;;;;
;;;;;;;;;
;;;;;;;;;
;;;;;;;;;
;;;;;;;;;
;;;;;;;;;
;;;;;;;;;
;;;;;;;;;
;;;;;;;;;
;;;;;;;;;
;;;;;;;;;
;;;;;;;;;
;;;;;;;;;
;;;;;;;;;
;;;;;;;;;
;;;;;;;;;
;;;;;;;;;
;;;;;;;;;
;;;;;;;;;
;;;;;;;;;
;;;;;;;;;
;;;;;;;;;
;;;;;;;;;
;;;;;;;;;
;;;;;;;;;
;;;;;;;;;
;;;;;;;;;
;;;;;;;;;
;;;;;;;;;
;;;;;;;;;
;;;;;;;;;
;;;;;;;;;
;;;;;;;;;
;;;;;;;;;
;;;;;;;;;
;;;;;;;;;
;;;;;;;;;
;;;;;;;;;
;;;;;;;;;
;;;;;;;;;
;;;;;;;;;
;;;;;;;;;
;;;;;;;;;
;;;;;;;;;
;;;;;;;;;
;;;;;;;;;
;;;;;;;;;
;;;;;;;;;
;;;;;;;;;
;;;;;;;;;
;;;;;;;;;
;;;;;;;;;
;;;;;;;;;
;;;;;;;;;
;;;;;;;;;
;;;;;;;;;
;;;;;;;;;
;;;;;;;;;
;;;;;;;;;
;;;;;;;;;
;;;;;;;;;
;;;;;;;;;
;;;;;;;;;
;;;;;;;;;
;;;;;;;;;
;;;;;;;;;
;;;;;;;;;
;;;;;;;;;
;;;;;;;;;
;;;;;;;;;
;;;;;;;;;
;;;;;;;;;
;;;;;;;;;
;;;;;;;;;
;;;;;;;;;
;;;;;;;;;
;;;;;;;;;
;;;;;;;;;
;;;;;;;;;
;;;;;;;;;
;;;;;;;;;
;;;;;;;;;
;;;;;;;;;
;;;;;;;;;
;;;;;;;;;
;;;;;;;;;
;;;;;;;;;
;;;;;;;;;
;;;;;;;;;
;;;;;;;;;
;;;;;;;;;
;;;;;;;;;
;;;;;;;;;
;;;;;;;;;
;;;;;;;;;
;;;;;;;;;
;;;;;;;;;
;;;;;;;;;
;;;;;;;;;
;;;;;;;;;
;;;;;;;;;
;;;;;;;;;
;;;;;;;;;
;;;;;;;;;
;;;;;;;;;
;;;;;;;;;
;;;;;;;;;
;;;;;;;;;
;;;;;;;;;
;;;;;;;;;
;;;;;;;;;
;;;;;;;;;
;;;;;;;;;
;;;;;;;;;
;;;;;;;;;
;;;;;;;;;
;;;;;;;;;
;;;;;;;;;
;;;;;;;;;
;;;;;;;;;
;;;;;;;;;
;;;;;;;;;
;;;;;;;;;
;;;;;;;;;
;;;;;;;;;
;;;;;;;;;
;;;;;;;;;
;;;;;;;;;
;;;;;;;;;
;;;;;;;;;
;;;;;;;;;
;;;;;;;;;
;;;;;;;;;
;;;;;;;;;
;;;;;;;;;
;;;;;;;;;
;;;;;;;;;
;;;;;;;;;
;;;;;;;;;
;;;;;;;;;
;;;;;;;;;
;;;;;;;;;
;;;;;;;;;
;;;;;;;;;
;;;;;;;;;
;;;;;;;;;
;;;;;;;;;
;;;;;;;;;
;;;;;;;;;
;;;;;;;;;
;;;;;;;;;
;;;;;;;;;
;;;;;;;;;
;;;;;;;;;
;;;;;;;;;
;;;;;;;;;
;;;;;;;;;
;;;;;;;;;
;;;;;;;;;
;;;;;;;;;
;;;;;;;;;
;;;;;;;;;
;;;;;;;;;
;;;;;;;;;
;;;;;;;;;
;;;;;;;;;
;;;;;;;;;
;;;;;;;;;
;;;;;;;;;
;;;;;;;;;
;;;;;;;;;
;;;;;;;;;
;;;;;;;;;
;;;;;;;;;
;;;;;;;;;
;;;;;;;;;
;;;;;;;;;
;;;;;;;;;
;;;;;;;;;
;;;;;;;;;
;;;;;;;;;
;;;;;;;;;
;;;;;;;;;
;;;;;;;;;
;;;;;;;;;
;;;;;;;;;
;;;;;;;;;
;;;;;;;;;
;;;;;;;;;
;;;;;;;;;
;;;;;;;;;
;;;;;;;;;
;;;;;;;;;
;;;;;;;;;
;;;;;;;;;
;;;;;;;;;
;;;;;;;;;
;;;;;;;;;
;;;;;;;;;
;;;;;;;;;
;;;;;;;;;
;;;;;;;;;
;;;;;;;;;
;;;;;;;;;
;;;;;;;;;
;;;;;;;;;
;;;;;;;;;
;;;;;;;;;
;;;;;;;;;
;;;;;;;;;
;;;;;;;;;
;;;;;;;;;
;;;;;;;;;
;;;;;;;;;
;;;;;;;;;
;;;;;;;;;
;;;;;;;;;
;;;;;;;;;
;;;;;;;;;
;;;;;;;;;
;;;;;;;;;
;;;;;;;;;
;;;;;;;;;
;;;;;;;;;
;;;;;;;;;
;;;;;;;;;
;;;;;;;;;
;;;;;;;;;
;;;;;;;;;
;;;;;;;;;
;;;;;;;;;
;;;;;;;;;
;;;;;;;;;
;;;;;;;;;
;;;;;;;;;
;;;;;;;;;
;;;;;;;;;
;;;;;;;;;
;;;;;;;;;
;;;;;;;;;
;;;;;;;;;
;;;;;;;;;
;;;;;;;;;
;;;;;;;;;
;;;;;;;;;
;;;;;;;;;
;;;;;;;;;
;;;;;;;;;
;;;;;;;;;
;;;;;;;;;
;;;;;;;;;
;;;;;;;;;
;;;;;;;;;
;;;;;;;;;
;;;;;;;;;
;;;;;;;;;
;;;;;;;;;
;;;;;;;;;
;;;;;;;;;
;;;;;;;;;
;;;;;;;;;
;;;;;;;;;
;;;;;;;;;
;;;;;;;;;
;;;;;;;;;
;;;;;;;;;
;;;;;;;;;
;;;;;;;;;
;;;;;;;;;
;;;;;;;;;
;;;;;;;;;
;;;;;;;;;
;;;;;;;;;
;;;;;;;;;
;;;;;;;;;
;;;;;;;;;
;;;;;;;;;
;;;;;;;;;
;;;;;;;;;
;;;;;;;;;
;;;;;;;;;
;;;;;;;;;
;;;;;;;;;
;;;;;;;;;
;;;;;;;;;
;;;;;;;;;
;;;;;;;;;
;;;;;;;;;
;;;;;;;;;
;;;;;;;;;
;;;;;;;;;
;;;;;;;;;
;;;;;;;;;
;;;;;;;;;
;;;;;;;;;
;;;;;;;;;
;;;;;;;;;
;;;;;;;;;
;;;;;;;;;
;;;;;;;;;
;;;;;;;;;
;;;;;;;;;
;;;;;;;;;
;;;;;;;;;
;;;;;;;;;
;;;;;;;;;
;;;;;;;;;
;;;;;;;;;
;;;;;;;;;
;;;;;;;;;
;;;;;;;;;
;;;;;;;;;
;;;;;;;;;
;;;;;;;;;
;;;;;;;;;
;;;;;;;;;
;;;;;;;;;
;;;;;;;;;
;;;;;;;;;
;;;;;;;;;
;;;;;;;;;
;;;;;;;;;
;;;;;;;;;
;;;;;;;;;
;;;;;;;;;
;;;;;;;;;
;;;;;;;;;
;;;;;;;;;
;;;;;;;;;
;;;;;;;;;
;;;;;;;;;
;;;;;;;;;
;;;;;;;;;
;;;;;;;;;
;;;;;;;;;
;;;;;;;;;
;;;;;;;;;
;;;;;;;;;
;;;;;;;;;
;;;;;;;;;
;;;;;;;;;
;;;;;;;;;
;;;;;;;;;
;;;;;;;;;
;;;;;;;;;
;;;;;;;;;
;;;;;;;;;
;;;;;;;;;
;;;;;;;;;
;;;;;;;;;
;;;;;;;;;
;;;;;;;;;
;;;;;;;;;
;;;;;;;;;
;;;;;;;;;
;;;;;;;;;
;;;;;;;;;
;;;;;;;;;
;;;;;;;;;
;;;;;;;;;
;;;;;;;;;
;;;;;;;;;
;;;;;;;;;
;;;;;;;;;
;;;;;;;;;
;;;;;;;;;
;;;;;;;;;
;;;;;;;;;
;;;;;;;;;
;;;;;;;;;
;;;;;;;;;
;;;;;;;;;
;;;;;;;;;
;;;;;;;;;
;;;;;;;;;
;;;;;;;;;
;;;;;;;;;
;;;;;;;;;
;;;;;;;;;
;;;;;;;;;
;;;;;;;;;
;;;;;;;;;
;;;;;;;;;
;;;;;;;;;
;;;;;;;;;
;;;;;;;;;
;;;;;;;;;
;;;;;;;;;
;;;;;;;;;
;;;;;;;;;
;;;;;;;;;
;;;;;;;;;
;;;;;;;;;
;;;;;;;;;
;;;;;;;;;
;;;;;;;;;
;;;;;;;;;
;;;;;;;;;
;;;;;;;;;
;;;;;;;;;
;;;;;;;;;
;;;;;;;;;
;;;;;;;;;
;;;;;;;;;
;;;;;;;;;
;;;;;;;;;
;;;;;;;;;
;;;;;;;;;
;;;;;;;;;
;;;;;;;;;
;;;;;;;;;
;;;;;;;;;
;;;;;;;;;
;;;;;;;;;
;;;;;;;;;
;;;;;;;;;
;;;;;;;;;
;;;;;;;;;
;;;;;;;;;
;;;;;;;;;
;;;;;;;;;
;;;;;;;;;
;;;;;;;;;
;;;;;;;;;
;;;;;;;;;
;;;;;;;;;
;;;;;;;;;
;;;;;;;;;
;;;;;;;;;
;;;;;;;;;
;;;;;;;;;
;;;;;;;;;
;;;;;;;;;
;;;;;;;;;
;;;;;;;;;
;;;;;;;;;
;;;;;;;;;
;;;;;;;;;
;;;;;;;;;
;;;;;;;;;
;;;;;;;;;
;;;;;;;;;
;;;;;;;;;
;;;;;;;;;
;;;;;;;;;
;;;;;;;;;
;;;;;;;;;
;;;;;;;;;
;;;;;;;;;
;;;;;;;;;
;;;;;;;;;
;;;;;;;;;
;;;;;;;;;
;;;;;;;;;
;;;;;;;;;
;;;;;;;;;
;;;;;;;;;
;;;;;;;;;
;;;;;;;;;
;;;;;;;;;
;;;;;;;;;
;;;;;;;;;
;;;;;;;;;
;;;;;;;;;
;;;;;;;;;
;;;;;;;;;
;;;;;;;;;
;;;;;;;;;
;;;;;;;;;
;;;;;;;;;
;;;;;;;;;
;;;;;;;;;
;;;;;;;;;
;;;;;;;;;
;;;;;;;;;
;;;;;;;;;
;;;;;;;;;
;;;;;;;;;
;;;;;;;;;
;;;;;;;;;
;;;;;;;;;
;;;;;;;;;
;;;;;;;;;
;;;;;;;;;
;;;;;;;;;
;;;;;;;;;
;;;;;;;;;
;;;;;;;;;
;;;;;;;;;
;;;;;;;;;
;;;;;;;;;
;;;;;;;;;
;;;;;;;;;
;;;;;;;;;
;;;;;;;;;
;;;;;;;;;
;;;;;;;;;
;;;;;;;;;
;;;;;;;;;
;;;;;;;;;
;;;;;;;;;
;;;;;;;;;
;;;;;;;;;
;;;;;;;;;
;;;;;;;;;
;;;;;;;;;
;;;;;;;;;
;;;;;;;;;
;;;;;;;;;
;;;;;;;;;
;;;;;;;;;
;;;;;;;;;
;;;;;;;;;
;;;;;;;;;
;;;;;;;;;
;;;;;;;;;
;;;;;;;;;
;;;;;;;;;
;;;;;;;;;
;;;;;;;;;
;;;;;;;;;
;;;;;;;;;
;;;;;;;;;
;;;;;;;;;
;;;;;;;;;
;;;;;;;;;
;;;;;;;;;
;;;;;;;;;
;;;;;;;;;
;;;;;;;;;
;;;;;;;;;
;;;;;;;;;
;;;;;;;;;
;;;;;;;;;
;;;;;;;;;
;;;;;;;;;
;;;;;;;;;
;;;;;;;;;
;;;;;;;;;
;;;;;;;;;
;;;;;;;;;
;;;;;;;;;
;;;;;;;;;
;;;;;;;;;
;;;;;;;;;
;;;;;;;;;
;;;;;;;;;
;;;;;;;;;
;;;;;;;;;
;;;;;;;;;
;;;;;;;;;
;;;;;;;;;
;;;;;;;;;
;;;;;;;;;
;;;;;;;;;
;;;;;;;;;
;;;;;;;;;
;;;;;;;;;
;;;;;;;;;
;;;;;;;;;
;;;;;;;;;
;;;;;;;;;
;;;;;;;;;
;;;;;;;;;
;;;;;;;;;
;;;;;;;;;
;;;;;;;;;
;;;;;;;;;
;;;;;;;;;
;;;;;;;;;
;;;;;;;;;
;;;;;;;;;
;;;;;;;;;
;;;;;;;;;
;;;;;;;;;
;;;;;;;;;
;;;;;;;;;
;;;;;;;;;
;;;;;;;;;
;;;;;;;;;
;;;;;;;;;
;;;;;;;;;
;;;;;;;;;
;;;;;;;;;
;;;;;;;;;
;;;;;;;;;
;;;;;;;;;
;;;;;;;;;
;;;;;;;;;
;;;;;;;;;
;;;;;;;;;
;;;;;;;;;
;;;;;;;;;
;;;;;;;;;
;;;;;;;;;
;;;;;;;;;
;;;;;;;;;
;;;;;;;;;
;;;;;;;;;
;;;;;;;;;
;;;;;;;;;
;;;;;;;;;
;;;;;;;;;
;;;;;;;;;
;;;;;;;;;
;;;;;;;;;
;;;;;;;;;
;;;;;;;;;
;;;;;;;;;
;;;;;;;;;
;;;;;;;;;
;;;;;;;;;
;;;;;;;;;
;;;;;;;;;
;;;;;;;;;
;;;;;;;;;
;;;;;;;;;
;;;;;;;;;
;;;;;;;;;
;;;;;;;;;
;;;;;;;;;
;;;;;;;;;
;;;;;;;;;
;;;;;;;;;
;;;;;;;;;
;;;;;;;;;
;;;;;;;;;
;;;;;;;;;
;;;;;;;;;
;;;;;;;;;
;;;;;;;;;
;;;;;;;;;
;;;;;;;;;
;;;;;;;;;
;;;;;;;;;
;;;;;;;;;
;;;;;;;;;
;;;;;;;;;
;;;;;;;;;
;;;;;;;;;
;;;;;;;;;
;;;;;;;;;
;;;;;;;;;
;;;;;;;;;
;;;;;;;;;
;;;;;;;;;
;;;;;;;;;
;;;;;;;;;
;;;;;;;;;
;;;;;;;;;
;;;;;;;;;
;;;;;;;;;
;;;;;;;;;
;;;;;;;;;
;;;;;;;;;
;;;;;;;;;
;;;;;;;;;
;;;;;;;;;
;;;;;;;;;
;;;;;;;;;
;;;;;;;;;
;;;;;;;;;
;;;;;;;;;
;;;;;;;;;
;;;;;;;;;
;;;;;;;;;
;;;;;;;;;
;;;;;;;;;
;;;;;;;;;
;;;;;;;;;
;;;;;;;;;
;;;;;;;;;
;;;;;;;;;
;;;;;;;;;
;;;;;;;;;
;;;;;;;;;
;;;;;;;;;
;;;;;;;;;
;;;;;;;;;
;;;;;;;;;
;;;;;;;;;
;;;;;;;;;
;;;;;;;;;
;;;;;;;;;
;;;;;;;;;
;;;;;;;;;
;;;;;;;;;
;;;;;;;;;
;;;;;;;;;
;;;;;;;;;
;;;;;;;;;
;;;;;;;;;
;;;;;;;;;
;;;;;;;;;
;;;;;;;;;
;;;;;;;;;
;;;;;;;;;
;;;;;;;;;
;;;;;;;;;
;;;;;;;;;
;;;;;;;;;
;;;;;;;;;
;;;;;;;;;
;;;;;;;;;
;;;;;;;;;
;;;;;;;;;
;;;;;;;;;
;;;;;;;;;
;;;;;;;;;
;;;;;;;;;
;;;;;;;;;
;;;;;;;;;
;;;;;;;;;
;;;;;;;;;
;;;;;;;;;
;;;;;;;;;
;;;;;;;;;
;;;;;;;;;
;;;;;;;;;
;;;;;;;;;
;;;;;;;;;
;;;;;;;;;
;;;;;;;;;
;;;;;;;;;
;;;;;;;;;
;;;;;;;;;
;;;;;;;;;
;;;;;;;;;
;;;;;;;;;
;;;;;;;;;
;;;;;;;;;
;;;;;;;;;
;;;;;;;;;
;;;;;;;;;
;;;;;;;;;
;;;;;;;;;
;;;;;;;;;
;;;;;;;;;
;;;;;;;;;
;;;;;;;;;
;;;;;;;;;
;;;;;;;;;
;;;;;;;;;
;;;;;;;;;
;;;;;;;;;
;;;;;;;;;
;;;;;;;;;
;;;;;;;;;
;;;;;;;;;
;;;;;;;;;
;;;;;;;;;
;;;;;;;;;
;;;;;;;;;
;;;;;;;;;
;;;;;;;;;
;;;;;;;;;
;;;;;;;;;
;;;;;;;;;
;;;;;;;;;
;;;;;;;;;
;;;;;;;;;
;;;;;;;;;
;;;;;;;;;
;;;;;;;;;
;;;;;;;;;
;;;;;;;;;
;;;;;;;;;
;;;;;;;;;
;;;;;;;;;
;;;;;;;;;
;;;;;;;;;
;;;;;;;;;
;;;;;;;;;
;;;;;;;;;
;;;;;;;;;
;;;;;;;;;
;;;;;;;;;
;;;;;;;;;
;;;;;;;;;
;;;;;;;;;
;;;;;;;;;
;;;;;;;;;
;;;;;;;;;
;;;;;;;;;
;;;;;;;;;
;;;;;;;;;
;;;;;;;;;
;;;;;;;;;
;;;;;;;;;
;;;;;;;;;
;;;;;;;;;
;;;;;;;;;
;;;;;;;;;
;;;;;;;;;
;;;;;;;;;
;;;;;;;;;
;;;;;;;;;
;;;;;;;;;
;;;;;;;;;
;;;;;;;;;
;;;;;;;;;
;;;;;;;;;
;;;;;;;;;
;;;;;;;;;
;;;;;;;;;
;;;;;;;;;
;;;;;;;;;
;;;;;;;;;
;;;;;;;;;
;;;;;;;;;
;;;;;;;;;
;;;;;;;;;
;;;;;;;;;
;;;;;;;;;
;;;;;;;;;
;;;;;;;;;
;;;;;;;;;
;;;;;;;;;
;;;;;;;;;
;;;;;;;;;
;;;;;;;;;
;;;;;;;;;
;;;;;;;;;
;;;;;;;;;
;;;;;;;;;
;;;;;;;;;
;;;;;;;;;
;;;;;;;;;
;;;;;;;;;
;;;;;;;;;
;;;;;;;;;
;;;;;;;;;
;;;;;;;;;
;;;;;;;;;
;;;;;;;;;
;;;;;;;;;
;;;;;;;;;
;;;;;;;;;
;;;;;;;;;
;;;;;;;;;
;;;;;;;;;
;;;;;;;;;
;;;;;;;;;
;;;;;;;;;
;;;;;;;;;
;;;;;;;;;
;;;;;;;;;
;;;;;;;;;
;;;;;;;;;
;;;;;;;;;
;;;;;;;;;
;;;;;;;;;
;;;;;;;;;
;;;;;;;;;
;;;;;;;;;
;;;;;;;;;
;;;;;;;;;
;;;;;;;;;
;;;;;;;;;
;;;;;;;;;
;;;;;;;;;
;;;;;;;;;
;;;;;;;;;
;;;;;;;;;
;;;;;;;;;
;;;;;;;;;
;;;;;;;;;
;;;;;;;;;
;;;;;;;;;
;;;;;;;;;
;;;;;;;;;
;;;;;;;;;
;;;;;;;;;
;;;;;;;;;
;;;;;;;;;
;;;;;;;;;
;;;;;;;;;
;;;;;;;;;
;;;;;;;;;
;;;;;;;;;
;;;;;;;;;
;;;;;;;;;
;;;;;;;;;
;;;;;;;;;
;;;;;;;;;
;;;;;;;;;
;;;;;;;;;
;;;;;;;;;
;;;;;;;;;
;;;;;;;;;
;;;;;;;;;
;;;;;;;;;
;;;;;;;;;
;;;;;;;;;
;;;;;;;;;
;;;;;;;;;
;;;;;;;;;
;;;;;;;;;
;;;;;;;;;
;;;;;;;;;
;;;;;;;;;
;;;;;;;;;
;;;;;;;;;
;;;;;;;;;
;;;;;;;;;
;;;;;;;;;
;;;;;;;;;
;;;;;;;;;
;;;;;;;;;
;;;;;;;;;
;;;;;;;;;
;;;;;;;;;
;;;;;;;;;
;;;;;;;;;
;;;;;;;;;
;;;;;;;;;
;;;;;;;;;
;;;;;;;;;
;;;;;;;;;
;;;;;;;;;
;;;;;;;;;
;;;;;;;;;
;;;;;;;;;
;;;;;;;;;
;;;;;;;;;
;;;;;;;;;
;;;;;;;;;
;;;;;;;;;
;;;;;;;;;
;;;;;;;;;
;;;;;;;;;
;;;;;;;;;
;;;;;;;;;
;;;;;;;;;
;;;;;;;;;
;;;;;;;;;
;;;;;;;;;
;;;;;;;;;
;;;;;;;;;
;;;;;;;;;
;;;;;;;;;
;;;;;;;;;
;;;;;;;;;
;;;;;;;;;
;;;;;;;;;
;;;;;;;;;
;;;;;;;;;
;;;;;;;;;
;;;;;;;;;
;;;;;;;;;
;;;;;;;;;
;;;;;;;;;
;;;;;;;;;
;;;;;;;;;
;;;;;;;;;
;;;;;;;;;
;;;;;;;;;
;;;;;;;;;
;;;;;;;;;
;;;;;;;;;
;;;;;;;;;
;;;;;;;;;
;;;;;;;;;
;;;;;;;;;
;;;;;;;;;
;;;;;;;;;
;;;;;;;;;
;;;;;;;;;
;;;;;;;;;
;;;;;;;;;
;;;;;;;;;
;;;;;;;;;
;;;;;;;;;
;;;;;;;;;
;;;;;;;;;
;;;;;;;;;
;;;;;;;;;
;;;;;;;;;
;;;;;;;;;
;;;;;;;;;
;;;;;;;;;
;;;;;;;;;
;;;;;;;;;
;;;;;;;;;
;;;;;;;;;
;;;;;;;;;
;;;;;;;;;
;;;;;;;;;
;;;;;;;;;
;;;;;;;;;
;;;;;;;;;
;;;;;;;;;
;;;;;;;;;
;;;;;;;;;
;;;;;;;;;
;;;;;;;;;
;;;;;;;;;
;;;;;;;;;
;;;;;;;;;
;;;;;;;;;
;;;;;;;;;
;;;;;;;;;
;;;;;;;;;
;;;;;;;;;
;;;;;;;;;
;;;;;;;;;
;;;;;;;;;
;;;;;;;;;
;;;;;;;;;
;;;;;;;;;
;;;;;;;;;
;;;;;;;;;
;;;;;;;;;
;;;;;;;;;
;;;;;;;;;
;;;;;;;;;
;;;;;;;;;
;;;;;;;;;
;;;;;;;;;
;;;;;;;;;
;;;;;;;;;
;;;;;;;;;
;;;;;;;;;
;;;;;;;;;
;;;;;;;;;
;;;;;;;;;
;;;;;;;;;
;;;;;;;;;
;;;;;;;;;
;;;;;;;;;
;;;;;;;;;
;;;;;;;;;
;;;;;;;;;
;;;;;;;;;
;;;;;;;;;
;;;;;;;;;
;;;;;;;;;
;;;;;;;;;
;;;;;;;;;
;;;;;;;;;
;;;;;;;;;
;;;;;;;;;
;;;;;;;;;
;;;;;;;;;
;;;;;;;;;
;;;;;;;;;
;;;;;;;;;
;;;;;;;;;
;;;;;;;;;
;;;;;;;;;
;;;;;;;;;
;;;;;;;;;
;;;;;;;;;
;;;;;;;;;
;;;;;;;;;
;;;;;;;;;
;;;;;;;;;
;;;;;;;;;
;;;;;;;;;
;;;;;;;;;
;;;;;;;;;
;;;;;;;;;
;;;;;;;;;
;;;;;;;;;
;;;;;;;;;
;;;;;;;;;
;;;;;;;;;
;;;;;;;;;
;;;;;;;;;
;;;;;;;;;
;;;;;;;;;
;;;;;;;;;
;;;;;;;;;
;;;;;;;;;
;;;;;;;;;
;;;;;;;;;
;;;;;;;;;
;;;;;;;;;
;;;;;;;;;
;;;;;;;;;
;;;;;;;;;
;;;;;;;;;
;;;;;;;;;
;;;;;;;;;
;;;;;;;;;
;;;;;;;;;
;;;;;;;;;
;;;;;;;;;
;;;;;;;;;
;;;;;;;;;
;;;;;;;;;
;;;;;;;;;
;;;;;;;;;
;;;;;;;;;
;;;;;;;;;
;;;;;;;;;
;;;;;;;;;
;;;;;;;;;
;;;;;;;;;
;;;;;;;;;
;;;;;;;;;
;;;;;;;;;
;;;;;;;;;
;;;;;;;;;
;;;;;;;;;
;;;;;;;;;
;;;;;;;;;
;;;;;;;;;
;;;;;;;;;
;;;;;;;;;
;;;;;;;;;
;;;;;;;;;
;;;;;;;;;
;;;;;;;;;
;;;;;;;;;
;;;;;;;;;
;;;;;;;;;
;;;;;;;;;
;;;;;;;;;
;;;;;;;;;
;;;;;;;;;
;;;;;;;;;
;;;;;;;;;
;;;;;;;;;
;;;;;;;;;
;;;;;;;;;
;;;;;;;;;
;;;;;;;;;
;;;;;;;;;
;;;;;;;;;
;;;;;;;;;
;;;;;;;;;
;;;;;;;;;
;;;;;;;;;
;;;;;;;;;
;;;;;;;;;
;;;;;;;;;
;;;;;;;;;
;;;;;;;;;
;;;;;;;;;
;;;;;;;;;
;;;;;;;;;
;;;;;;;;;
;;;;;;;;;
;;;;;;;;;
;;;;;;;;;
;;;;;;;;;
;;;;;;;;;
;;;;;;;;;
;;;;;;;;;
;;;;;;;;;
;;;;;;;;;
;;;;;;;;;
;;;;;;;;;
;;;;;;;;;
;;;;;;;;;
;;;;;;;;;
;;;;;;;;;
;;;;;;;;;
;;;;;;;;;
;;;;;;;;;
;;;;;;;;;
;;;;;;;;;
;;;;;;;;;
;;;;;;;;;
;;;;;;;;;
;;;;;;;;;
;;;;;;;;;
;;;;;;;;;
;;;;;;;;;
;;;;;;;;;
;;;;;;;;;
;;;;;;;;;
;;;;;;;;;
;;;;;;;;;
;;;;;;;;;
;;;;;;;;;
;;;;;;;;;
;;;;;;;;;
;;;;;;;;;
;;;;;;;;;
;;;;;;;;;
;;;;;;;;;
;;;;;;;;;
;;;;;;;;;
;;;;;;;;;
;;;;;;;;;
;;;;;;;;;
;;;;;;;;;
;;;;;;;;;
;;;;;;;;;
;;;;;;;;;
;;;;;;;;;
;;;;;;;;;
;;;;;;;;;
;;;;;;;;;
;;;;;;;;;
;;;;;;;;;
;;;;;;;;;
;;;;;;;;;
;;;;;;;;;
;;;;;;;;;
;;;;;;;;;
;;;;;;;;;
;;;;;;;;;
;;;;;;;;;
;;;;;;;;;
;;;;;;;;;
;;;;;;;;;
;;;;;;;;;
;;;;;;;;;
;;;;;;;;;
;;;;;;;;;
;;;;;;;;;
;;;;;;;;;
;;;;;;;;;
;;;;;;;;;
;;;;;;;;;
;;;;;;;;;
;;;;;;;;;
;;;;;;;;;
;;;;;;;;;
;;;;;;;;;
;;;;;;;;;
;;;;;;;;;
;;;;;;;;;
;;;;;;;;;
;;;;;;;;;
;;;;;;;;;
;;;;;;;;;
;;;;;;;;;
;;;;;;;;;
;;;;;;;;;
;;;;;;;;;
;;;;;;;;;
;;;;;;;;;
;;;;;;;;;
;;;;;;;;;
;;;;;;;;;
;;;;;;;;;
;;;;;;;;;
;;;;;;;;;
;;;;;;;;;
;;;;;;;;;
;;;;;;;;;
;;;;;;;;;
;;;;;;;;;
;;;;;;;;;
;;;;;;;;;
;;;;;;;;;
;;;;;;;;;
;;;;;;;;;
;;;;;;;;;
;;;;;;;;;
;;;;;;;;;
;;;;;;;;;
;;;;;;;;;
;;;;;;;;;
;;;;;;;;;
;;;;;;;;;
;;;;;;;;;
;;;;;;;;;
;;;;;;;;;
;;;;;;;;;
;;;;;;;;;
;;;;;;;;;
;;;;;;;;;
;;;;;;;;;
;;;;;;;;;
;;;;;;;;;
;;;;;;;;;
;;;;;;;;;
;;;;;;;;;
;;;;;;;;;
;;;;;;;;;
;;;;;;;;;
;;;;;;;;;
;;;;;;;;;
;;;;;;;;;
;;;;;;;;;
;;;;;;;;;
;;;;;;;;;
;;;;;;;;;
;;;;;;;;;
;;;;;;;;;
;;;;;;;;;
;;;;;;;;;
;;;;;;;;;
;;;;;;;;;
;;;;;;;;;
;;;;;;;;;
;;;;;;;;;
;;;;;;;;;
;;;;;;;;;
;;;;;;;;;
;;;;;;;;;
;;;;;;;;;
;;;;;;;;;
;;;;;;;;;
;;;;;;;;;
;;;;;;;;;
;;;;;;;;;
;;;;;;;;;
;;;;;;;;;
;;;;;;;;;
;;;;;;;;;
;;;;;;;;;
;;;;;;;;;
;;;;;;;;;
;;;;;;;;;
;;;;;;;;;
;;;;;;;;;
;;;;;;;;;
;;;;;;;;;
;;;;;;;;;
;;;;;;;;;
;;;;;;;;;
;;;;;;;;;
;;;;;;;;;
;;;;;;;;;
;;;;;;;;;
;;;;;;;;;
;;;;;;;;;
;;;;;;;;;
;;;;;;;;;
;;;;;;;;;
;;;;;;;;;
;;;;;;;;;
;;;;;;;;;
;;;;;;;;;
;;;;;;;;;
;;;;;;;;;
;;;;;;;;;
;;;;;;;;;
;;;;;;;;;
;;;;;;;;;
;;;;;;;;;
;;;;;;;;;
;;;;;;;;;
;;;;;;;;;
;;;;;;;;;
;;;;;;;;;
;;;;;;;;;
;;;;;;;;;
;;;;;;;;;
;;;;;;;;;
;;;;;;;;;
;;;;;;;;;
;;;;;;;;;
;;;;;;;;;
;;;;;;;;;
;;;;;;;;;
;;;;;;;;;
;;;;;;;;;
;;;;;;;;;
;;;;;;;;;
;;;;;;;;;
;;;;;;;;;
;;;;;;;;;
;;;;;;;;;
;;;;;;;;;
;;;;;;;;;
;;;;;;;;;
;;;;;;;;;
;;;;;;;;;
;;;;;;;;;
;;;;;;;;;
;;;;;;;;;
;;;;;;;;;
;;;;;;;;;
;;;;;;;;;
;;;;;;;;;
;;;;;;;;;
;;;;;;;;;
;;;;;;;;;
;;;;;;;;;
;;;;;;;;;
;;;;;;;;;
;;;;;;;;;
;;;;;;;;;
;;;;;;;;;
;;;;;;;;;
;;;;;;;;;
;;;;;;;;;
;;;;;;;;;
;;;;;;;;;
;;;;;;;;;
;;;;;;;;;
;;;;;;;;;
;;;;;;;;;
;;;;;;;;;
;;;;;;;;;
;;;;;;;;;
;;;;;;;;;
;;;;;;;;;
;;;;;;;;;
;;;;;;;;;
;;;;;;;;;
;;;;;;;;;
;;;;;;;;;
;;;;;;;;;
;;;;;;;;;
;;;;;;;;;
;;;;;;;;;
;;;;;;;;;
;;;;;;;;;
;;;;;;;;;
;;;;;;;;;
;;;;;;;;;
;;;;;;;;;
;;;;;;;;;
;;;;;;;;;
;;;;;;;;;
;;;;;;;;;
;;;;;;;;;
;;;;;;;;;
;;;;;;;;;
;;;;;;;;;
;;;;;;;;;
;;;;;;;;;
;;;;;;;;;
;;;;;;;;;
;;;;;;;;;
;;;;;;;;;
;;;;;;;;;
;;;;;;;;;
;;;;;;;;;
;;;;;;;;;
;;;;;;;;;
;;;;;;;;;
;;;;;;;;;
;;;;;;;;;
;;;;;;;;;
;;;;;;;;;
;;;;;;;;;
;;;;;;;;;
;;;;;;;;;
;;;;;;;;;
;;;;;;;;;
;;;;;;;;;
;;;;;;;;;
;;;;;;;;;
;;;;;;;;;
;;;;;;;;;
;;;;;;;;;
;;;;;;;;;
;;;;;;;;;
;;;;;;;;;
;;;;;;;;;
;;;;;;;;;
;;;;;;;;;
;;;;;;;;;
;;;;;;;;;
;;;;;;;;;
;;;;;;;;;
;;;;;;;;;
;;;;;;;;;
;;;;;;;;;
;;;;;;;;;
;;;;;;;;;
;;;;;;;;;
;;;;;;;;;
;;;;;;;;;
;;;;;;;;;
;;;;;;;;;
;;;;;;;;;
;;;;;;;;;
;;;;;;;;;
;;;;;;;;;
;;;;;;;;;
;;;;;;;;;
;;;;;;;;;
;;;;;;;;;
;;;;;;;;;
;;;;;;;;;
;;;;;;;;;
;;;;;;;;;
;;;;;;;;;
;;;;;;;;;
;;;;;;;;;
;;;;;;;;;
;;;;;;;;;
;;;;;;;;;
;;;;;;;;;
;;;;;;;;;
;;;;;;;;;
;;;;;;;;;
;;;;;;;;;
;;;;;;;;;
;;;;;;;;;
;;;;;;;;;
;;;;;;;;;
;;;;;;;;;
;;;;;;;;;
;;;;;;;;;
;;;;;;;;;
;;;;;;;;;
;;;;;;;;;
;;;;;;;;;
;;;;;;;;;
;;;;;;;;;
;;;;;;;;;
;;;;;;;;;
;;;;;;;;;
;;;;;;;;;
;;;;;;;;;
;;;;;;;;;
;;;;;;;;;
;;;;;;;;;
;;;;;;;;;
;;;;;;;;;
;;;;;;;;;
;;;;;;;;;
;;;;;;;;;
;;;;;;;;;
;;;;;;;;;
;;;;;;;;;
;;;;;;;;;
;;;;;;;;;
;;;;;;;;;
;;;;;;;;;
;;;;;;;;;
;;;;;;;;;
;;;;;;;;;
;;;;;;;;;
;;;;;;;;;
;;;;;;;;;
;;;;;;;;;
;;;;;;;;;
;;;;;;;;;
;;;;;;;;;
;;;;;;;;;
;;;;;;;;;
;;;;;;;;;
;;;;;;;;;
;;;;;;;;;
;;;;;;;;;
;;;;;;;;;
;;;;;;;;;
;;;;;;;;;
;;;;;;;;;
;;;;;;;;;
;;;;;;;;;
;;;;;;;;;
;;;;;;;;;
;;;;;;;;;
;;;;;;;;;
;;;;;;;;;
;;;;;;;;;
;;;;;;;;;
;;;;;;;;;
;;;;;;;;;
;;;;;;;;;
;;;;;;;;;
;;;;;;;;;
;;;;;;;;;
;;;;;;;;;
;;;;;;;;;
;;;;;;;;;
;;;;;;;;;
;;;;;;;;;
;;;;;;;;;
;;;;;;;;;
;;;;;;;;;
;;;;;;;;;
;;;;;;;;;
;;;;;;;;;
;;;;;;;;;
;;;;;;;;;
;;;;;;;;;
;;;;;;;;;
;;;;;;;;;
;;;;;;;;;
;;;;;;;;;
;;;;;;;;;
;;;;;;;;;
;;;;;;;;;
;;;;;;;;;
;;;;;;;;;
;;;;;;;;;
;;;;;;;;;
;;;;;;;;;
;;;;;;;;;
;;;;;;;;;
;;;;;;;;;
;;;;;;;;;
;;;;;;;;;
;;;;;;;;;
;;;;;;;;;
;;;;;;;;;
;;;;;;;;;
;;;;;;;;;
;;;;;;;;;
;;;;;;;;;
;;;;;;;;;
;;;;;;;;;
;;;;;;;;;
;;;;;;;;;
;;;;;;;;;
;;;;;;;;;
;;;;;;;;;
;;;;;;;;;
;;;;;;;;;
;;;;;;;;;
;;;;;;;;;
;;;;;;;;;
;;;;;;;;;
;;;;;;;;;
;;;;;;;;;
;;;;;;;;;
;;;;;;;;;
;;;;;;;;;
;;;;;;;;;
;;;;;;;;;
;;;;;;;;;
;;;;;;;;;
;;;;;;;;;
;;;;;;;;;
;;;;;;;;;
;;;;;;;;;
;;;;;;;;;
;;;;;;;;;
;;;;;;;;;
;;;;;;;;;
;;;;;;;;;
;;;;;;;;;
;;;;;;;;;
;;;;;;;;;
;;;;;;;;;
;;;;;;;;;
;;;;;;;;;
;;;;;;;;;
;;;;;;;;;
;;;;;;;;;
;;;;;;;;;
;;;;;;;;;
;;;;;;;;;
;;;;;;;;;
;;;;;;;;;
;;;;;;;;;
;;;;;;;;;
;;;;;;;;;
;;;;;;;;;
;;;;;;;;;
;;;;;;;;;
;;;;;;;;;
;;;;;;;;;
;;;;;;;;;
;;;;;;;;;
;;;;;;;;;
;;;;;;;;;
;;;;;;;;;
;;;;;;;;;
;;;;;;;;;
;;;;;;;;;
;;;;;;;;;
;;;;;;;;;
;;;;;;;;;
;;;;;;;;;
;;;;;;;;;
;;;;;;;;;
;;;;;;;;;
;;;;;;;;;
;;;;;;;;;
;;;;;;;;;
;;;;;;;;;
;;;;;;;;;
;;;;;;;;;
;;;;;;;;;
;;;;;;;;;
;;;;;;;;;
;;;;;;;;;
;;;;;;;;;
;;;;;;;;;
;;;;;;;;;
;;;;;;;;;
;;;;;;;;;
;;;;;;;;;
;;;;;;;;;
;;;;;;;;;
;;;;;;;;;
;;;;;;;;;
;;;;;;;;;
;;;;;;;;;
;;;;;;;;;
;;;;;;;;;
;;;;;;;;;
;;;;;;;;;
;;;;;;;;;
;;;;;;;;;
;;;;;;;;;
;;;;;;;;;
;;;;;;;;;
;;;;;;;;;
;;;;;;;;;
;;;;;;;;;
;;;;;;;;;
;;;;;;;;;
;;;;;;;;;
;;;;;;;;;
;;;;;;;;;
;;;;;;;;;
;;;;;;;;;
;;;;;;;;;
;;;;;;;;;
;;;;;;;;;
;;;;;;;;;
;;;;;;;;;
;;;;;;;;;
;;;;;;;;;
;;;;;;;;;
;;;;;;;;;
;;;;;;;;;
;;;;;;;;;
;;;;;;;;;
;;;;;;;;;
;;;;;;;;;
;;;;;;;;;
;;;;;;;;;
;;;;;;;;;
;;;;;;;;;
;;;;;;;;;
;;;;;;;;;
;;;;;;;;;
;;;;;;;;;
;;;;;;;;;
;;;;;;;;;
;;;;;;;;;
;;;;;;;;;
;;;;;;;;;
;;;;;;;;;
;;;;;;;;;
;;;;;;;;;
;;;;;;;;;
;;;;;;;;;
;;;;;;;;;
;;;;;;;;;
;;;;;;;;;
;;;;;;;;;
;;;;;;;;;
;;;;;;;;;
;;;;;;;;;
;;;;;;;;;
;;;;;;;;;
;;;;;;;;;
;;;;;;;;;
;;;;;;;;;
;;;;;;;;;
;;;;;;;;;
;;;;;;;;;
;;;;;;;;;
;;;;;;;;;
;;;;;;;;;
;;;;;;;;;
;;;;;;;;;
;;;;;;;;;
;;;;;;;;;
;;;;;;;;;
;;;;;;;;;
;;;;;;;;;
;;;;;;;;;
;;;;;;;;;
;;;;;;;;;
;;;;;;;;;
;;;;;;;;;
;;;;;;;;;
;;;;;;;;;
;;;;;;;;;
;;;;;;;;;
;;;;;;;;;
;;;;;;;;;
;;;;;;;;;
;;;;;;;;;
;;;;;;;;;
;;;;;;;;;
;;;;;;;;;
;;;;;;;;;
;;;;;;;;;
;;;;;;;;;
;;;;;;;;;
;;;;;;;;;
;;;;;;;;;
;;;;;;;;;
;;;;;;;;;
;;;;;;;;;
;;;;;;;;;
;;;;;;;;;
;;;;;;;;;
;;;;;;;;;
;;;;;;;;;
;;;;;;;;;
;;;;;;;;;
;;;;;;;;;
;;;;;;;;;
;;;;;;;;;
;;;;;;;;;
;;;;;;;;;
;;;;;;;;;
;;;;;;;;;
;;;;;;;;;
;;;;;;;;;
;;;;;;;;;
;;;;;;;;;
;;;;;;;;;
;;;;;;;;;
;;;;;;;;;
;;;;;;;;;
;;;;;;;;;
;;;;;;;;;
;;;;;;;;;
;;;;;;;;;
;;;;;;;;;
;;;;;;;;;
;;;;;;;;;
;;;;;;;;;
;;;;;;;;;
;;;;;;;;;
;;;;;;;;;
;;;;;;;;;
;;;;;;;;;
;;;;;;;;;
;;;;;;;;;
;;;;;;;;;
;;;;;;;;;
;;;;;;;;;
;;;;;;;;;
;;;;;;;;;
;;;;;;;;;
;;;;;;;;;
;;;;;;;;;
;;;;;;;;;
;;;;;;;;;
;;;;;;;;;
;;;;;;;;;
;;;;;;;;;
;;;;;;;;;
;;;;;;;;;
;;;;;;;;;
;;;;;;;;;
;;;;;;;;;
;;;;;;;;;
;;;;;;;;;
;;;;;;;;;
;;;;;;;;;
;;;;;;;;;
;;;;;;;;;
;;;;;;;;;
;;;;;;;;;
;;;;;;;;;
;;;;;;;;;
;;;;;;;;;
;;;;;;;;;
;;;;;;;;;
;;;;;;;;;
;;;;;;;;;
;;;;;;;;;
;;;;;;;;;
;;;;;;;;;
;;;;;;;;;
;;;;;;;;;
;;;;;;;;;
;;;;;;;;;
;;;;;;;;;
;;;;;;;;;
;;;;;;;;;
;;;;;;;;;
;;;;;;;;;
;;;;;;;;;
;;;;;;;;;
;;;;;;;;;
;;;;;;;;;
;;;;;;;;;
;;;;;;;;;
;;;;;;;;;
;;;;;;;;;
;;;;;;;;;
;;;;;;;;;
;;;;;;;;;
;;;;;;;;;
;;;;;;;;;
;;;;;;;;;
;;;;;;;;;
;;;;;;;;;
;;;;;;;;;
;;;;;;;;;
;;;;;;;;;
;;;;;;;;;
;;;;;;;;;
;;;;;;;;;
;;;;;;;;;
;;;;;;;;;
;;;;;;;;;
;;;;;;;;;
;;;;;;;;;
;;;;;;;;;
;;;;;;;;;
;;;;;;;;;
;;;;;;;;;
;;;;;;;;;
;;;;;;;;;
;;;;;;;;;
;;;;;;;;;
;;;;;;;;;
;;;;;;;;;
;;;;;;;;;
;;;;;;;;;
;;;;;;;;;
;;;;;;;;;
;;;;;;;;;
;;;;;;;;;
;;;;;;;;;
;;;;;;;;;
;;;;;;;;;
;;;;;;;;;
;;;;;;;;;
;;;;;;;;;
;;;;;;;;;
;;;;;;;;;
;;;;;;;;;
;;;;;;;;;
;;;;;;;;;
;;;;;;;;;
;;;;;;;;;
;;;;;;;;;
;;;;;;;;;
;;;;;;;;;
;;;;;;;;;
;;;;;;;;;
;;;;;;;;;
;;;;;;;;;
;;;;;;;;;
;;;;;;;;;
;;;;;;;;;
;;;;;;;;;
;;;;;;;;;
;;;;;;;;;
;;;;;;;;;
;;;;;;;;;
;;;;;;;;;
;;;;;;;;;
;;;;;;;;;
;;;;;;;;;
;;;;;;;;;
;;;;;;;;;
;;;;;;;;;
;;;;;;;;;
;;;;;;;;;
;;;;;;;;;
;;;;;;;;;
;;;;;;;;;
;;;;;;;;;
;;;;;;;;;
;;;;;;;;;
;;;;;;;;;
;;;;;;;;;
;;;;;;;;;
;;;;;;;;;
;;;;;;;;;
;;;;;;;;;
;;;;;;;;;
;;;;;;;;;
;;;;;;;;;
;;;;;;;;;
;;;;;;;;;
;;;;;;;;;
;;;;;;;;;
;;;;;;;;;
;;;;;;;;;
;;;;;;;;;
;;;;;;;;;
;;;;;;;;;
;;;;;;;;;
;;;;;;;;;
;;;;;;;;;
;;;;;;;;;
;;;;;;;;;
;;;;;;;;;
;;;;;;;;;
;;;;;;;;;
;;;;;;;;;
;;;;;;;;;
;;;;;;;;;
;;;;;;;;;
;;;;;;;;;
;;;;;;;;;
;;;;;;;;;
;;;;;;;;;
;;;;;;;;;
;;;;;;;;;
;;;;;;;;;
;;;;;;;;;
;;;;;;;;;
;;;;;;;;;
;;;;;;;;;
;;;;;;;;;
;;;;;;;;;
;;;;;;;;;
;;;;;;;;;
;;;;;;;;;
;;;;;;;;;
;;;;;;;;;
;;;;;;;;;
;;;;;;;;;
;;;;;;;;;
;;;;;;;;;
;;;;;;;;;
;;;;;;;;;
;;;;;;;;;
;;;;;;;;;
;;;;;;;;;
;;;;;;;;;
;;;;;;;;;
;;;;;;;;;
;;;;;;;;;
;;;;;;;;;
;;;;;;;;;
;;;;;;;;;
;;;;;;;;;
;;;;;;;;;
;;;;;;;;;
;;;;;;;;;
;;;;;;;;;
;;;;;;;;;
;;;;;;;;;
;;;;;;;;;
;;;;;;;;;
;;;;;;;;;
;;;;;;;;;
;;;;;;;;;
;;;;;;;;;
;;;;;;;;;
;;;;;;;;;
;;;;;;;;;
;;;;;;;;;
;;;;;;;;;
;;;;;;;;;
;;;;;;;;;
;;;;;;;;;
;;;;;;;;;
;;;;;;;;;
;;;;;;;;;
;;;;;;;;;
;;;;;;;;;
;;;;;;;;;
;;;;;;;;;
;;;;;;;;;
;;;;;;;;;
;;;;;;;;;
;;;;;;;;;
;;;;;;;;;
;;;;;;;;;
;;;;;;;;;
;;;;;;;;;
;;;;;;;;;
;;;;;;;;;
;;;;;;;;;
;;;;;;;;;
;;;;;;;;;
;;;;;;;;;
;;;;;;;;;
;;;;;;;;;
;;;;;;;;;
;;;;;;;;;
;;;;;;;;;
;;;;;;;;;
;;;;;;;;;
;;;;;;;;;
;;;;;;;;;
;;;;;;;;;
;;;;;;;;;
;;;;;;;;;
;;;;;;;;;
;;;;;;;;;
;;;;;;;;;
;;;;;;;;;
;;;;;;;;;
;;;;;;;;;
;;;;;;;;;
;;;;;;;;;
;;;;;;;;;
;;;;;;;;;
;;;;;;;;;
;;;;;;;;;
;;;;;;;;;
;;;;;;;;;
;;;;;;;;;
;;;;;;;;;
;;;;;;;;;
;;;;;;;;;
;;;;;;;;;
;;;;;;;;;
;;;;;;;;;
;;;;;;;;;
;;;;;;;;;
;;;;;;;;;
;;;;;;;;;
;;;;;;;;;
;;;;;;;;;
;;;;;;;;;
;;;;;;;;;
;;;;;;;;;
;;;;;;;;;
;;;;;;;;;
;;;;;;;;;
;;;;;;;;;
;;;;;;;;;
;;;;;;;;;
;;;;;;;;;
;;;;;;;;;
;;;;;;;;;
;;;;;;;;;
;;;;;;;;;
;;;;;;;;;
;;;;;;;;;
;;;;;;;;;
;;;;;;;;;
;;;;;;;;;
;;;;;;;;;
;;;;;;;;;
;;;;;;;;;
;;;;;;;;;
;;;;;;;;;
;;;;;;;;;
;;;;;;;;;
;;;;;;;;;
;;;;;;;;;
;;;;;;;;;
;;;;;;;;;
;;;;;;;;;
;;;;;;;;;
;;;;;;;;;
;;;;;;;;;
;;;;;;;;;
;;;;;;;;;
;;;;;;;;;
;;;;;;;;;
;;;;;;;;;
;;;;;;;;;
;;;;;;;;;
;;;;;;;;;
;;;;;;;;;
;;;;;;;;;
;;;;;;;;;
;;;;;;;;;
;;;;;;;;;
;;;;;;;;;
;;;;;;;;;
;;;;;;;;;
;;;;;;;;;
;;;;;;;;;
;;;;;;;;;
;;;;;;;;;
;;;;;;;;;
;;;;;;;;;
;;;;;;;;;
;;;;;;;;;
;;;;;;;;;
;;;;;;;;;
;;;;;;;;;
;;;;;;;;;
;;;;;;;;;
;;;;;;;;;
;;;;;;;;;
;;;;;;;;;
;;;;;;;;;
;;;;;;;;;
;;;;;;;;;
;;;;;;;;;
;;;;;;;;;
;;;;;;;;;
;;;;;;;;;
;;;;;;;;;
;;;;;;;;;
;;;;;;;;;
;;;;;;;;;
;;;;;;;;;
;;;;;;;;;
;;;;;;;;;
;;;;;;;;;
;;;;;;;;;
;;;;;;;;;
;;;;;;;;;
;;;;;;;;;
;;;;;;;;;
;;;;;;;;;
;;;;;;;;;
;;;;;;;;;
;;;;;;;;;
;;;;;;;;;
;;;;;;;;;
;;;;;;;;;
;;;;;;;;;
;;;;;;;;;
;;;;;;;;;
;;;;;;;;;
;;;;;;;;;
;;;;;;;;;
;;;;;;;;;
;;;;;;;;;
;;;;;;;;;
;;;;;;;;;
;;;;;;;;;
;;;;;;;;;
;;;;;;;;;
;;;;;;;;;
;;;;;;;;;
;;;;;;;;;
;;;;;;;;;
;;;;;;;;;
;;;;;;;;;
;;;;;;;;;
;;;;;;;;;
;;;;;;;;;
;;;;;;;;;
;;;;;;;;;
;;;;;;;;;
;;;;;;;;;
;;;;;;;;;
;;;;;;;;;
;;;;;;;;;
;;;;;;;;;
;;;;;;;;;
;;;;;;;;;
;;;;;;;;;
;;;;;;;;;
;;;;;;;;;
;;;;;;;;;
;;;;;;;;;
;;;;;;;;;
;;;;;;;;;
;;;;;;;;;
;;;;;;;;;
;;;;;;;;;
;;;;;;;;;
;;;;;;;;;
;;;;;;;;;
;;;;;;;;;
;;;;;;;;;
;;;;;;;;;
;;;;;;;;;
;;;;;;;;;
;;;;;;;;;
;;;;;;;;;
;;;;;;;;;
;;;;;;;;;
;;;;;;;;;
;;;;;;;;;
;;;;;;;;;
;;;;;;;;;
;;;;;;;;;
;;;;;;;;;
;;;;;;;;;
;;;;;;;;;
;;;;;;;;;
;;;;;;;;;
;;;;;;;;;
;;;;;;;;;
;;;;;;;;;
;;;;;;;;;
;;;;;;;;;
;;;;;;;;;
;;;;;;;;;
;;;;;;;;;
;;;;;;;;;
;;;;;;;;;
;;;;;;;;;
;;;;;;;;;
;;;;;;;;;
;;;;;;;;;
;;;;;;;;;
;;;;;;;;;
;;;;;;;;;
;;;;;;;;;
;;;;;;;;;
;;;;;;;;;
;;;;;;;;;
;;;;;;;;;
;;;;;;;;;
;;;;;;;;;
;;;;;;;;;
;;;;;;;;;
;;;;;;;;;
;;;;;;;;;
;;;;;;;;;
;;;;;;;;;
;;;;;;;;;
;;;;;;;;;
;;;;;;;;;
;;;;;;;;;
;;;;;;;;;
;;;;;;;;;
;;;;;;;;;
;;;;;;;;;
;;;;;;;;;
;;;;;;;;;
;;;;;;;;;
;;;;;;;;;
;;;;;;;;;
;;;;;;;;;
;;;;;;;;;
;;;;;;;;;
;;;;;;;;;
;;;;;;;;;
;;;;;;;;;
;;;;;;;;;
;;;;;;;;;
;;;;;;;;;
;;;;;;;;;
;;;;;;;;;
;;;;;;;;;
;;;;;;;;;
;;;;;;;;;
;;;;;;;;;
;;;;;;;;;
;;;;;;;;;
;;;;;;;;;
;;;;;;;;;
;;;;;;;;;
;;;;;;;;;
;;;;;;;;;
;;;;;;;;;
;;;;;;;;;
;;;;;;;;;
;;;;;;;;;
;;;;;;;;;
;;;;;;;;;
;;;;;;;;;
;;;;;;;;;
;;;;;;;;;
;;;;;;;;;
;;;;;;;;;
;;;;;;;;;
;;;;;;;;;
;;;;;;;;;
;;;;;;;;;
;;;;;;;;;
;;;;;;;;;
;;;;;;;;;
;;;;;;;;;
;;;;;;;;;
;;;;;;;;;
;;;;;;;;;
;;;;;;;;;
;;;;;;;;;
;;;;;;;;;
;;;;;;;;;
;;;;;;;;;
;;;;;;;;;
;;;;;;;;;
;;;;;;;;;
;;;;;;;;;
;;;;;;;;;
;;;;;;;;;
;;;;;;;;;
;;;;;;;;;
;;;;;;;;;
;;;;;;;;;
;;;;;;;;;
;;;;;;;;;
;;;;;;;;;
;;;;;;;;;
;;;;;;;;;
;;;;;;;;;
;;;;;;;;;
;;;;;;;;;
;;;;;;;;;
;;;;;;;;;
;;;;;;;;;
;;;;;;;;;
;;;;;;;;;
;;;;;;;;;
;;;;;;;;;
;;;;;;;;;
;;;;;;;;;
;;;;;;;;;
;;;;;;;;;
;;;;;;;;;
;;;;;;;;;
;;;;;;;;;
;;;;;;;;;
;;;;;;;;;
;;;;;;;;;
;;;;;;;;;
;;;;;;;;;
;;;;;;;;;
;;;;;;;;;
;;;;;;;;;
;;;;;;;;;
;;;;;;;;;
;;;;;;;;;
;;;;;;;;;
;;;;;;;;;
;;;;;;;;;
;;;;;;;;;
;;;;;;;;;
;;;;;;;;;
;;;;;;;;;
;;;;;;;;;
;;;;;;;;;
;;;;;;;;;
;;;;;;;;;
;;;;;;;;;
;;;;;;;;;
;;;;;;;;;
;;;;;;;;;
;;;;;;;;;
;;;;;;;;;
;;;;;;;;;
;;;;;;;;;
;;;;;;;;;
;;;;;;;;;
;;;;;;;;;
;;;;;;;;;
;;;;;;;;;
;;;;;;;;;
;;;;;;;;;
;;;;;;;;;
;;;;;;;;;
;;;;;;;;;
;;;;;;;;;
;;;;;;;;;
;;;;;;;;;
;;;;;;;;;
;;;;;;;;;
;;;;;;;;;
;;;;;;;;;
;;;;;;;;;
;;;;;;;;;
;;;;;;;;;
;;;;;;;;;
;;;;;;;;;
;;;;;;;;;
;;;;;;;;;
;;;;;;;;;
;;;;;;;;;
;;;;;;;;;
;;;;;;;;;
;;;;;;;;;
;;;;;;;;;
;;;;;;;;;
;;;;;;;;;
;;;;;;;;;
;;;;;;;;;
;;;;;;;;;
;;;;;;;;;
;;;;;;;;;
;;;;;;;;;
;;;;;;;;;
;;;;;;;;;
;;;;;;;;;
;;;;;;;;;
;;;;;;;;;
;;;;;;;;;
;;;;;;;;;
;;;;;;;;;
;;;;;;;;;
;;;;;;;;;
;;;;;;;;;
;;;;;;;;;
;;;;;;;;;
;;;;;;;;;
;;;;;;;;;
;;;;;;;;;
;;;;;;;;;
;;;;;;;;;
;;;;;;;;;
;;;;;;;;;
;;;;;;;;;
;;;;;;;;;
;;;;;;;;;
;;;;;;;;;
;;;;;;;;;
;;;;;;;;;
;;;;;;;;;
;;;;;;;;;
;;;;;;;;;
;;;;;;;;;
;;;;;;;;;
;;;;;;;;;
;;;;;;;;;
;;;;;;;;;
;;;;;;;;;
;;;;;;;;;
;;;;;;;;;
;;;;;;;;;
;;;;;;;;;
;;;;;;;;;
;;;;;;;;;
;;;;;;;;;
;;;;;;;;;
;;;;;;;;;
;;;;;;;;;
;;;;;;;;;
;;;;;;;;;
;;;;;;;;;
;;;;;;;;;
;;;;;;;;;
;;;;;;;;;
;;;;;;;;;
;;;;;;;;;
;;;;;;;;;
;;;;;;;;;
;;;;;;;;;
;;;;;;;;;
;;;;;;;;;
;;;;;;;;;
;;;;;;;;;
;;;;;;;;;
;;;;;;;;;
;;;;;;;;;
;;;;;;;;;
;;;;;;;;;
;;;;;;;;;
;;;;;;;;;
;;;;;;;;;
;;;;;;;;;
;;;;;;;;;
;;;;;;;;;
;;;;;;;;;
;;;;;;;;;
;;;;;;;;;
;;;;;;;;;
;;;;;;;;;
;;;;;;;;;
;;;;;;;;;
;;;;;;;;;
;;;;;;;;;
;;;;;;;;;
;;;;;;;;;
;;;;;;;;;
;;;;;;;;;
;;;;;;;;;
;;;;;;;;;
;;;;;;;;;
;;;;;;;;;
;;;;;;;;;
;;;;;;;;;
;;;;;;;;;
;;;;;;;;;
;;;;;;;;;
;;;;;;;;;
;;;;;;;;;
;;;;;;;;;
;;;;;;;;;
;;;;;;;;;
;;;;;;;;;
;;;;;;;;;
;;;;;;;;;
;;;;;;;;;
;;;;;;;;;
;;;;;;;;;
;;;;;;;;;
;;;;;;;;;
;;;;;;;;;
;;;;;;;;;
;;;;;;;;;
;;;;;;;;;
;;;;;;;;;
;;;;;;;;;
;;;;;;;;;
;;;;;;;;;
;;;;;;;;;
;;;;;;;;;
;;;;;;;;;
;;;;;;;;;
;;;;;;;;;
;;;;;;;;;
;;;;;;;;;
;;;;;;;;;
;;;;;;;;;
;;;;;;;;;
;;;;;;;;;
;;;;;;;;;
;;;;;;;;;
;;;;;;;;;
;;;;;;;;;
;;;;;;;;;
;;;;;;;;;
;;;;;;;;;
;;;;;;;;;
;;;;;;;;;
;;;;;;;;;
;;;;;;;;;
;;;;;;;;;
;;;;;;;;;
;;;;;;;;;
;;;;;;;;;
;;;;;;;;;
;;;;;;;;;
;;;;;;;;;
;;;;;;;;;
;;;;;;;;;
;;;;;;;;;
;;;;;;;;;
;;;;;;;;;
;;;;;;;;;
;;;;;;;;;
;;;;;;;;;
;;;;;;;;;
;;;;;;;;;
;;;;;;;;;
;;;;;;;;;
;;;;;;;;;
;;;;;;;;;
;;;;;;;;;
;;;;;;;;;
;;;;;;;;;
;;;;;;;;;
;;;;;;;;;
;;;;;;;;;
;;;;;;;;;
;;;;;;;;;
;;;;;;;;;
;;;;;;;;;
;;;;;;;;;
;;;;;;;;;
;;;;;;;;;
;;;;;;;;;
;;;;;;;;;
;;;;;;;;;
;;;;;;;;;
;;;;;;;;;
;;;;;;;;;
;;;;;;;;;
;;;;;;;;;
;;;;;;;;;
;;;;;;;;;
;;;;;;;;;
;;;;;;;;;
;;;;;;;;;
;;;;;;;;;
;;;;;;;;;
;;;;;;;;;
;;;;;;;;;
;;;;;;;;;
;;;;;;;;;
;;;;;;;;;
;;;;;;;;;
;;;;;;;;;
;;;;;;;;;
;;;;;;;;;
;;;;;;;;;
;;;;;;;;;
;;;;;;;;;
;;;;;;;;;
;;;;;;;;;
;;;;;;;;;
;;;;;;;;;
;;;;;;;;;
;;;;;;;;;
;;;;;;;;;
;;;;;;;;;
;;;;;;;;;
;;;;;;;;;
;;;;;;;;;
;;;;;;;;;
;;;;;;;;;
;;;;;;;;;
;;;;;;;;;
;;;;;;;;;
;;;;;;;;;
;;;;;;;;;
;;;;;;;;;
;;;;;;;;;
;;;;;;;;;
;;;;;;;;;
;;;;;;;;;
;;;;;;;;;
;;;;;;;;;
;;;;;;;;;
;;;;;;;;;
;;;;;;;;;
;;;;;;;;;
;;;;;;;;;
;;;;;;;;;
;;;;;;;;;
;;;;;;;;;
;;;;;;;;;
;;;;;;;;;
;;;;;;;;;
;;;;;;;;;
;;;;;;;;;
;;;;;;;;;
;;;;;;;;;
;;;;;;;;;
;;;;;;;;;
;;;;;;;;;
;;;;;;;;;
;;;;;;;;;
;;;;;;;;;
;;;;;;;;;
;;;;;;;;;
;;;;;;;;;
;;;;;;;;;
;;;;;;;;;
;;;;;;;;;
;;;;;;;;;
;;;;;;;;;
;;;;;;;;;
;;;;;;;;;
;;;;;;;;;
;;;;;;;;;
;;;;;;;;;
;;;;;;;;;
;;;;;;;;;
;;;;;;;;;
;;;;;;;;;
;;;;;;;;;
;;;;;;;;;
;;;;;;;;;
;;;;;;;;;
;;;;;;;;;
;;;;;;;;;
;;;;;;;;;
;;;;;;;;;
;;;;;;;;;
;;;;;;;;;
;;;;;;;;;
;;;;;;;;;
;;;;;;;;;
;;;;;;;;;
;;;;;;;;;
;;;;;;;;;
;;;;;;;;;
;;;;;;;;;
;;;;;;;;;
;;;;;;;;;
;;;;;;;;;
;;;;;;;;;
;;;;;;;;;
;;;;;;;;;
;;;;;;;;;
;;;;;;;;;
;;;;;;;;;
;;;;;;;;;
;;;;;;;;;
;;;;;;;;;
;;;;;;;;;
;;;;;;;;;
;;;;;;;;;
;;;;;;;;;
;;;;;;;;;
;;;;;;;;;
;;;;;;;;;
;;;;;;;;;
;;;;;;;;;
;;;;;;;;;
;;;;;;;;;
;;;;;;;;;
;;;;;;;;;
;;;;;;;;;
;;;;;;;;;
;;;;;;;;;
;;;;;;;;;
;;;;;;;;;
;;;;;;;;;
;;;;;;;;;
;;;;;;;;;
;;;;;;;;;
;;;;;;;;;
;;;;;;;;;
;;;;;;;;;
;;;;;;;;;
;;;;;;;;;
;;;;;;;;;
;;;;;;;;;
;;;;;;;;;
;;;;;;;;;
;;;;;;;;;
;;;;;;;;;
;;;;;;;;;
;;;;;;;;;
;;;;;;;;;
;;;;;;;;;
;;;;;;;;;
;;;;;;;;;
;;;;;;;;;
;;;;;;;;;
;;;;;;;;;
;;;;;;;;;
;;;;;;;;;
;;;;;;;;;
;;;;;;;;;
;;;;;;;;;
;;;;;;;;;
;;;;;;;;;
;;;;;;;;;
;;;;;;;;;
;;;;;;;;;
;;;;;;;;;
;;;;;;;;;
;;;;;;;;;
;;;;;;;;;
;;;;;;;;;
;;;;;;;;;
;;;;;;;;;
;;;;;;;;;
;;;;;;;;;
;;;;;;;;;
;;;;;;;;;
;;;;;;;;;
;;;;;;;;;
;;;;;;;;;
;;;;;;;;;
;;;;;;;;;
;;;;;;;;;
;;;;;;;;;
;;;;;;;;;
;;;;;;;;;
;;;;;;;;;
;;;;;;;;;
;;;;;;;;;
;;;;;;;;;
;;;;;;;;;
;;;;;;;;;
;;;;;;;;;
;;;;;;;;;
;;;;;;;;;
;;;;;;;;;
;;;;;;;;;
;;;;;;;;;
;;;;;;;;;
;;;;;;;;;
;;;;;;;;;
;;;;;;;;;
;;;;;;;;;
;;;;;;;;;
;;;;;;;;;
;;;;;;;;;
;;;;;;;;;
;;;;;;;;;
;;;;;;;;;
;;;;;;;;;
;;;;;;;;;
;;;;;;;;;
;;;;;;;;;
;;;;;;;;;
;;;;;;;;;
;;;;;;;;;
;;;;;;;;;
;;;;;;;;;
;;;;;;;;;
;;;;;;;;;
;;;;;;;;;
;;;;;;;;;
;;;;;;;;;
;;;;;;;;;
;;;;;;;;;
;;;;;;;;;
;;;;;;;;;
;;;;;;;;;
;;;;;;;;;
;;;;;;;;;
;;;;;;;;;
;;;;;;;;;
;;;;;;;;;
;;;;;;;;;
;;;;;;;;;
;;;;;;;;;
;;;;;;;;;
;;;;;;;;;
;;;;;;;;;
;;;;;;;;;
;;;;;;;;;
;;;;;;;;;
;;;;;;;;;
;;;;;;;;;
;;;;;;;;;
;;;;;;;;;
;;;;;;;;;
;;;;;;;;;
;;;;;;;;;
;;;;;;;;;
;;;;;;;;;
;;;;;;;;;
;;;;;;;;;
;;;;;;;;;
;;;;;;;;;
;;;;;;;;;
;;;;;;;;;
;;;;;;;;;
;;;;;;;;;
;;;;;;;;;
;;;;;;;;;
;;;;;;;;;
;;;;;;;;;
;;;;;;;;;
;;;;;;;;;
;;;;;;;;;
;;;;;;;;;
;;;;;;;;;
;;;;;;;;;
;;;;;;;;;
;;;;;;;;;
;;;;;;;;;
;;;;;;;;;
;;;;;;;;;
;;;;;;;;;
;;;;;;;;;
;;;;;;;;;
;;;;;;;;;
;;;;;;;;;
;;;;;;;;;
;;;;;;;;;
;;;;;;;;;
;;;;;;;;;
;;;;;;;;;
;;;;;;;;;
;;;;;;;;;
;;;;;;;;;
;;;;;;;;;
;;;;;;;;;
;;;;;;;;;
;;;;;;;;;
;;;;;;;;;
;;;;;;;;;
;;;;;;;;;
;;;;;;;;;
;;;;;;;;;
;;;;;;;;;
;;;;;;;;;
;;;;;;;;;
;;;;;;;;;
;;;;;;;;;
;;;;;;;;;
;;;;;;;;;
;;;;;;;;;
;;;;;;;;;
;;;;;;;;;
;;;;;;;;;
;;;;;;;;;
;;;;;;;;;
;;;;;;;;;
;;;;;;;;;
;;;;;;;;;
;;;;;;;;;
;;;;;;;;;
;;;;;;;;;
;;;;;;;;;
;;;;;;;;;
;;;;;;;;;
;;;;;;;;;
;;;;;;;;;
;;;;;;;;;
;;;;;;;;;
;;;;;;;;;
;;;;;;;;;
;;;;;;;;;
;;;;;;;;;
;;;;;;;;;
;;;;;;;;;
;;;;;;;;;
;;;;;;;;;
;;;;;;;;;
;;;;;;;;;
;;;;;;;;;
;;;;;;;;;
;;;;;;;;;
;;;;;;;;;
;;;;;;;;;
;;;;;;;;;
;;;;;;;;;
;;;;;;;;;
;;;;;;;;;
;;;;;;;;;
;;;;;;;;;
;;;;;;;;;
;;;;;;;;;
;;;;;;;;;
;;;;;;;;;
;;;;;;;;;
;;;;;;;;;
;;;;;;;;;
;;;;;;;;;
;;;;;;;;;
;;;;;;;;;
;;;;;;;;;
;;;;;;;;;
;;;;;;;;;
;;;;;;;;;
;;;;;;;;;
;;;;;;;;;
;;;;;;;;;
;;;;;;;;;
;;;;;;;;;
;;;;;;;;;
;;;;;;;;;
;;;;;;;;;
;;;;;;;;;
;;;;;;;;;
;;;;;;;;;
;;;;;;;;;
;;;;;;;;;
;;;;;;;;;
;;;;;;;;;
;;;;;;;;;
;;;;;;;;;
;;;;;;;;;
;;;;;;;;;
;;;;;;;;;
;;;;;;;;;
;;;;;;;;;
;;;;;;;;;
;;;;;;;;;
;;;;;;;;;
;;;;;;;;;
;;;;;;;;;
;;;;;;;;;
;;;;;;;;;
;;;;;;;;;
;;;;;;;;;
;;;;;;;;;
;;;;;;;;;
;;;;;;;;;
;;;;;;;;;
;;;;;;;;;
;;;;;;;;;
;;;;;;;;;
;;;;;;;;;
;;;;;;;;;
;;;;;;;;;
;;;;;;;;;
;;;;;;;;;
;;;;;;;;;
;;;;;;;;;
;;;;;;;;;
;;;;;;;;;
;;;;;;;;;
;;;;;;;;;
;;;;;;;;;
;;;;;;;;;
;;;;;;;;;
;;;;;;;;;
;;;;;;;;;
;;;;;;;;;
;;;;;;;;;
;;;;;;;;;
;;;;;;;;;
;;;;;;;;;
;;;;;;;;;
;;;;;;;;;
;;;;;;;;;
;;;;;;;;;
;;;;;;;;;
;;;;;;;;;
;;;;;;;;;
;;;;;;;;;
;;;;;;;;;
;;;;;;;;;
;;;;;;;;;
;;;;;;;;;
;;;;;;;;;